/*
SQLyog 企业版 - MySQL GUI v8.14 
MySQL - 5.0.67-log : Database - 51Wom
*********************************************************************
*/

/*!40101 SET NAMES utf8 */;

/*!40101 SET SQL_MODE=''*/;

/*!40014 SET @OLD_UNIQUE_CHECKS=@@UNIQUE_CHECKS, UNIQUE_CHECKS=0 */;
/*!40014 SET @OLD_FOREIGN_KEY_CHECKS=@@FOREIGN_KEY_CHECKS, FOREIGN_KEY_CHECKS=0 */;
/*!40101 SET @OLD_SQL_MODE=@@SQL_MODE, SQL_MODE='NO_AUTO_VALUE_ON_ZERO' */;
/*!40111 SET @OLD_SQL_NOTES=@@SQL_NOTES, SQL_NOTES=0 */;
/*Data for the table `t_admin` */

insert  into `t_admin`(`iAdminID`,`sAdminName`,`sPassword`,`sEditPassword`,`sMobile`,`sEmail`,`sRealName`,`iCityID`,`sCityID`,`sRoleID`,`sPosition`,`iStatus`,`iCreateTime`,`iUpdateTime`) values (528,'admin','e4d30151fb5dcc788fe96fa43a1b4811',NULL,'18182083779','admin@gmail.com','管理员',1,'-1','-1','',1,1427074753,1445520680),(4267,'test','497b9ecf55c8eeb291542c65d990bdfc',NULL,'18816566996','xiejinci@cc.com','测试',12,'1,2,12','109','',1,1441855878,1441855892),(4268,'test3','b5c0f433fd10ceb5ec0ff53697635a27',NULL,'18816566997','xiejinci@qq.com','上海',12,'1,12','-1','',0,1442198437,1442198461),(4269,'xiaoba','a29d67dc1228cfa62db0412387010cca',NULL,'13564379059','751836594@qq.com','卢俊文',12,'12,45','109,110','',1,1444894458,1444894476),(4270,'ella','e4d30151fb5dcc788fe96fa43a1b4811',NULL,'15000891957','ella@51wom.com','徐丛梅',12,'-1','117','',1,1445327681,1445327681);

/*Data for the table `t_badword` */

insert  into `t_badword`(`iAutoID`,`sWord`,`iStatus`,`iCreateTime`,`iUpdateTime`) values (1,'日',0,1444894859,1444894859),(2,'共产党',1,1445324103,1445324103),(3,'腐败',1,1445324113,1445324113);

/*Data for the table `t_banner` */

insert  into `t_banner`(`iAutoID`,`title`,`imgurl`,`link`,`rank`,`iStatus`,`iCreateTime`,`iUpdateTime`) values (3,'111111','5b95a519d0feb7962dbf287d01ca88957a6864ee.jpg','http://www.163.com',1,1,1445309557,1445759237),(4,'222','5b95a519d0feb7962dbf287d01ca88957a6864ee.jpg','http://www.qq.com',2,1,0,0),(5,'333','5b95a519d0feb7962dbf287d01ca88957a6864ee.jpg','http://www.tom.com',3,1,0,0),(6,'444','5b95a519d0feb7962dbf287d01ca88957a6864ee.jpg','http://www.sina.com.cn',4,1,0,0),(7,'是','','是',0,0,1445744575,1445744575);

/*Data for the table `t_city` */

insert  into `t_city`(`iCityID`,`sCityName`,`sCityCode`,`iFrontShow`,`iBackendShow`,`iOrder`,`iStatus`,`iCreateTime`,`iUpdateTime`) values (1,'北京','beijing',1,1,-9,1,0,1441854997),(2,'长春','changchun',0,1,0,1,0,1445327820),(3,'长沙','changsha',1,1,0,1,0,0),(4,'成都','chengdu',1,1,0,1,0,0),(5,'广州','guangzhou',1,1,-8,1,0,0),(6,'哈尔滨','haerbin',1,1,0,1,0,0),(7,'杭州','hangzhou',1,1,0,1,0,0),(8,'合肥','hefei',1,1,0,1,0,0),(9,'济南','jinan',1,1,0,1,0,0),(10,'南京','nanjing',1,1,0,1,0,0),(11,'青岛','qingdao',1,1,0,1,0,0),(12,'上海','shanghai',1,1,0,1,0,0),(13,'深圳','shenzhen',1,1,0,1,0,0),(14,'沈阳','shenyang',1,1,0,1,0,0),(15,'石家庄','shijiazhuang',1,1,0,1,0,0),(16,'苏州','suzhou',1,1,0,1,0,0),(17,'太原','taiyuan',1,1,0,1,0,0),(18,'天津','tianjin',1,1,0,1,0,0),(19,'无锡','wuxi',1,1,0,1,0,0),(20,'武汉','wuhan',1,1,0,1,0,0),(21,'西安','xian',1,1,0,1,0,0),(22,'郑州','zhengzhou',1,1,0,1,0,0),(23,'重庆','chongqing',1,1,0,1,0,0),(24,'大连','dalian',1,1,0,1,0,0),(25,'昆明','kunming',1,1,0,1,0,0),(26,'南昌','nanchang',1,1,0,1,0,0),(27,'厦门','xiamen',1,1,0,1,0,0),(29,'福州','fuzhou',1,1,0,1,0,0),(30,'常州','changzhou',1,1,0,1,0,0),(31,'贵阳','guiyang',1,1,0,1,0,0),(32,'海口','haikou',1,1,0,1,0,0),(33,'南宁','nanning',1,1,0,1,0,0),(34,'宁波','ningbo',1,1,0,1,0,0),(36,'乌鲁木齐','wlmq',1,1,0,0,1442198022,1442198022),(37,'test1','tewt',1,1,0,0,1442198477,1442198485),(38,'河北','hebei',1,1,0,1,0,0),(39,'山西','shanxi',1,1,0,1,0,0),(40,'辽宁','liaoning',1,1,0,1,0,0),(41,'吉林','jilin',1,1,0,1,0,0),(42,'黑龙江','heilongjiang',1,1,0,1,0,0),(43,'江苏','jiangsu',1,1,0,1,0,0),(44,'浙江','zhejiang',1,1,0,1,0,0),(45,'安徽','anhui',1,1,0,1,0,0),(46,'福建','fujian',1,1,0,1,0,0),(47,'江西','jiangxi',1,1,0,1,0,0),(48,'山东','shandong',1,1,0,1,0,0),(49,'河南','henan',1,1,0,1,0,0),(50,'湖北','hubei',1,1,0,1,0,0),(51,'湖南','hunan',1,1,0,1,0,0),(52,'广东','guangdong',1,1,0,1,0,0),(53,'甘肃','gansu',1,1,0,1,0,0),(54,'四川','sichuan',1,1,0,1,0,0),(55,'贵州','guizhou',1,1,0,1,0,0),(56,'海南','hainan',1,1,0,1,0,0),(57,'云南','yunnan',1,1,0,1,0,0),(58,'青海','qinghai',1,1,0,1,0,0),(59,'陕西','shanxi',1,1,0,1,0,0),(60,'广西','guangxi',1,1,0,1,0,0),(61,'西藏','xizhang',1,1,0,1,0,0),(62,'宁夏','ningxia',1,1,0,1,0,0),(63,'新疆','xinjiang',1,1,0,1,0,0),(64,'内蒙古','neimenggu',1,1,0,1,0,0),(65,'澳门','aomen',1,1,0,1,0,0),(66,'香港','xianggang',1,1,0,1,0,0),(67,'台湾','taiwan',1,1,0,1,0,0),(68,'海外','haiwai',1,1,0,1,0,0),(69,'六安','liuan',1,1,0,1,1445327800,1445327800);

/*Data for the table `t_domain` */

insert  into `t_domain`(`iAutoID`,`iType`,`sName`,`iParentID`,`iOrder`,`iStatus`,`iCreateTime`,`iUpdateTim`) values (1,2,'媒体',0,0,1,1442547339,1442547339),(2,2,'企业',0,0,1,1442547339,1442547339),(3,2,'专家',0,0,1,1442547339,1442547339),(4,2,'达人',0,0,1,1442547339,1442547339),(5,2,'名人',0,0,1,1442547339,1442547339),(6,2,'艺人',0,0,1,1442547339,1442547339),(7,2,'段子',0,0,1,1442547339,1442547339),(8,2,'草根',0,0,1,1442547339,1442547339),(9,1,'电商',0,0,1,1442547339,1442547339),(10,1,'美容美装',0,0,1,1442547339,1442547339),(11,1,'时尚',0,0,1,1442547339,1442547339),(12,1,'娱乐八卦',0,0,1,1442547339,1442547339),(13,1,'音乐',0,0,1,1442547339,1442547339),(14,1,'生活',0,0,1,1442547339,1442547339),(15,1,'汽车',0,0,1,1442547339,1442547339),(16,1,'家居',0,0,1,1442547339,1442547339),(17,1,'互联网',0,0,1,1442547339,1442547339),(18,1,'美食',0,0,1,1442547339,1442547339),(19,1,'旅游',0,0,1,1442547339,1442547339),(20,1,'科技数码',0,0,1,1442547339,1442547339),(21,1,'星座语录',0,0,1,1442547339,1442547339),(22,1,'育儿',0,0,1,1442547339,1442547339),(23,1,'母婴',0,0,1,1442547339,1442547339),(24,1,'财经',0,0,1,1442547339,1442547339),(25,1,'运动健康',0,0,1,1442547339,1442547339),(26,1,'健康养生',0,0,1,1442547339,1442547339),(27,1,'职场',0,0,1,1442547339,1442547339),(28,1,'教育培训',0,0,1,1442547339,1442547339),(29,1,'文学',0,0,1,1442547339,1442547339),(30,1,'营销',0,0,1,1442547339,1442547339),(31,1,'动漫',0,0,1,1442547339,1442547339),(32,1,'女性',0,0,1,1442547339,1442547339),(33,1,'新闻资讯',0,0,1,1442547339,1442547339),(34,1,'搞笑',0,0,1,1442547339,1442547339),(35,1,'医生',0,0,1,1442547339,1442547339),(36,1,'奢侈品',0,0,1,1442547339,1442547339),(37,1,'情感',0,0,1,1442547339,1442547339),(38,1,'模特',0,0,1,1442547339,1442547339),(39,1,'主持人',0,0,1,1442547339,1442547339),(40,1,'演员',0,0,1,1442547339,1442547339),(41,1,'杂谈',0,0,1,1442547339,1442547339),(42,11,'服务',0,0,1,1442547339,1442547339),(43,11,'IT',0,0,1,1442547339,1442547339),(44,11,'化装品',0,0,1,1442547339,1442547339),(45,11,'其它',0,0,1,1442547339,1442547339),(46,4,'强烈推荐',0,0,1,1442547339,1442547339),(47,4,'非常推荐',0,0,1,1442547339,1442547339),(48,4,'推荐',0,0,1,1442547339,1442547339),(49,4,'普通',0,0,1,1442547339,1442547339),(50,12,'推荐资源',0,1,1,1442547339,1442547339),(51,12,'名人艺人',0,2,1,1442547339,1442547339),(52,12,'优质资源',0,3,1,1442547339,1442547339),(53,12,'一般资源',0,4,1,1442547339,1442547339),(54,13,'推荐资源',0,1,1,1442547339,1442547339),(55,13,'名人艺人',0,2,1,1442547339,1442547339),(56,13,'优质资源',0,3,1,1442547339,1442547339),(57,13,'一般资源',0,4,1,1442547339,1442547339),(58,14,'推荐资源',0,1,1,1442547339,1442547339),(59,14,'名人艺人',0,2,1,1442547339,1442547339),(60,14,'优质资源',0,3,1,1442547339,1442547339),(61,14,'一般资源',0,4,1,1442547339,1442547339),(62,15,'优势资源',0,1,1,1442547339,1442547339),(63,15,'推荐资源',0,2,1,1442547339,1442547339),(64,15,'一般资源',0,3,1,1442547339,1442547339),(65,16,'一手',0,1,1,1442547339,1442547339),(66,16,'独家',0,2,1,1442547339,1442547339),(67,16,'配合度高',0,3,1,1442547339,1442547339),(68,16,'有账期',0,4,1,1442547339,1442547339),(69,17,'一手',0,1,1,1442547339,1442547339),(70,17,'独家',0,2,1,1442547339,1442547339),(71,17,'配合度高',0,3,1,1442547339,1442547339),(72,17,'有账期',0,4,1,1442547339,1442547339),(73,18,'一手',0,1,1,1442547339,1442547339),(74,18,'独家',0,2,1,1442547339,1442547339),(75,18,'配合度高',0,3,1,1442547339,1442547339),(76,18,'有账期',0,4,1,1442547339,1442547339),(77,19,'有账期',0,4,1,1442547339,1442547339),(78,19,'配合度高',0,3,1,1442547339,1442547339),(79,19,'独家',0,2,1,1442547339,1442547339),(80,19,'一手',0,1,1,1442547339,1442547339),(81,20,'汽车圈',0,1,1,1442547339,1442547339),(82,20,'女性美容圈',0,2,1,1442547339,1442547339),(83,20,'科技圈',0,3,1,1442547339,1442547339),(84,20,'财经金融圈',0,4,1,1442547339,1442547339),(85,20,'生活美食圈',0,5,1,1442547339,1442547339),(86,20,'科技电商圈',0,6,1,1442547339,1442547339),(87,21,'汽车圈',0,1,1,1442547339,1442547339),(88,21,'女性美容圈',0,2,1,1442547339,1442547339),(89,21,'科技圈',0,3,1,1442547339,1442547339),(90,21,'财经金融圈',0,4,1,1442547339,1442547339),(91,21,'生活美食圈',0,5,1,1442547339,1442547339),(92,21,'科技电商圈',0,6,1,1442547339,1442547339),(93,22,'汽车圈',0,1,1,1442547339,1442547339),(94,22,'女性美容圈',0,2,1,1442547339,1442547339),(95,22,'科技圈',0,3,1,1442547339,1442547339),(96,22,'财经金融圈',0,4,1,1442547339,1442547339),(97,22,'生活美食圈',0,5,1,1442547339,1442547339),(98,22,'科技电商圈',0,6,1,1442547339,1442547339),(99,23,'汽车圈',0,1,1,1442547339,1442547339),(100,23,'女性美容圈',0,2,1,1442547339,1442547339),(101,23,'科技圈',0,3,1,1442547339,1442547339),(102,23,'财经金融圈',0,4,1,1442547339,1442547339),(103,23,'生活美食圈',0,5,1,1442547339,1442547339),(104,23,'科技电商圈',0,6,1,1442547339,1442547339),(105,7,'媒体',0,1,1,1442547339,1442547339),(106,7,'企业',0,2,1,1442547339,1442547339),(107,7,'专家',0,3,1,1442547339,1442547339),(108,7,'达人',0,4,1,1442547339,1442547339),(109,7,'名人',0,5,1,1442547339,1442547339),(110,7,'艺人',0,6,1,1442547339,1442547339),(111,7,'段子手',0,7,1,1442547339,1442547339),(112,7,'草根',0,8,1,1442547339,1442547339),(113,8,'草根',0,8,1,1442547339,1442547339),(114,8,'段子手',0,7,1,1442547339,1442547339),(115,8,'艺人',0,6,1,1442547339,1442547339),(116,8,'名人',0,5,1,1442547339,1442547339),(117,8,'达人',0,4,1,1442547339,1442547339),(118,8,'专家',0,3,1,1442547339,1442547339),(119,8,'企业',0,2,1,1442547339,1442547339),(120,8,'媒体',0,1,1,1442547339,1442547339),(121,9,'综合',0,1,1,1442547339,1442547339),(122,9,'门户',0,2,1,1442547339,1442547339),(123,9,'地方',0,3,1,1442547339,1442547339),(124,9,'垂直',0,4,1,1442547339,1442547339),(125,24,'是',0,1,1,1442547339,1442547339),(126,24,'否',0,2,1,1442547339,1442547339),(127,25,'蓝V',0,1,1,1442547339,1442547339),(128,25,'黄V',0,2,1,1442547339,1442547339),(129,25,'达人',0,3,1,1442547339,1442547339),(130,25,'草根',0,4,1,1442547339,1442547339),(131,3,'首页推荐',0,1,1,1442547339,1442547339),(132,3,'频道首页推荐',0,2,1,1442547339,1442547339),(133,3,'新闻源',0,3,1,1442547339,1442547339),(134,1,'美容美妆',0,0,1,1442547339,1442547339),(135,1,'影视',0,0,1,1442547339,1442547339),(136,1,'游戏',0,0,1,1442547339,1442547339),(137,1,'体育',0,0,1,1442547339,1442547339),(138,1,'运动健身',0,0,1,1442547339,1442547339),(139,5,'电商',0,0,1,1442547339,1442547339),(140,5,'美容美妆',0,0,1,1442547339,1442547339),(141,5,'时尚',0,0,1,1442547339,1442547339),(142,5,'娱乐八卦',0,0,1,1442547339,1442547339),(143,5,'音乐',0,0,1,1442547339,1442547339),(144,5,'影视',0,0,1,1442547339,1442547339),(145,5,'生活',0,0,1,1442547339,1442547339),(146,5,'汽车',0,0,1,1442547339,1442547339),(147,5,'家居',0,0,1,1442547339,1442547339),(148,5,'互联网',0,0,1,1442547339,1442547339),(149,5,'美食',0,0,1,1442547339,1442547339),(150,5,'旅游',0,0,1,1442547339,1442547339),(151,5,'科技数码',0,0,1,1442547339,1442547339),(152,5,'星座语录',0,0,1,1442547339,1442547339),(153,5,'育儿',0,0,1,1442547339,1442547339),(154,5,'母婴',0,0,1,1442547339,1442547339),(155,5,'财经',0,0,1,1442547339,1442547339),(156,5,'游戏',0,0,1,1442547339,1442547339),(157,5,'体育',0,0,1,1442547339,1442547339),(158,5,'运动健身',0,0,1,1442547339,1442547339),(159,5,'健康养生',0,0,1,1442547339,1442547339),(160,5,'职场',0,0,1,1442547339,1442547339),(161,5,'教育培训',0,0,1,1442547339,1442547339),(162,5,'文学',0,0,1,1442547339,1442547339),(163,5,'营销',0,0,1,1442547339,1442547339),(164,5,'动漫',0,0,1,1442547339,1442547339),(165,5,'搞笑',0,0,1,1442547339,1442547339),(166,5,'新闻',0,0,1,1442547339,1442547339),(167,5,'创意',0,0,1,1442547339,1442547339),(168,5,'情感',0,0,1,1442547339,1442547339),(169,5,'医生',0,0,1,1442547339,1442547339),(170,5,'奢侈品',0,0,1,1442547339,1442547339),(171,5,'模特',0,0,1,1442547339,1442547339),(172,5,'主持人',0,0,1,1442547339,1442547339),(173,5,'演员',0,0,1,1442547339,1442547339),(174,5,'女性',0,0,1,1442547339,1442547339),(175,6,'新闻综合',0,0,1,1442547339,1442547339),(176,6,'电商',0,0,1,1442547339,1442547339),(177,6,'汽车',0,0,1,1442547339,1442547339),(178,6,'生活',0,0,1,1442547339,1442547339),(179,6,'家居',0,0,1,1442547339,1442547339),(180,6,'健康',0,0,1,1442547339,1442547339),(181,6,'时尚',0,0,1,1442547339,1442547339),(182,6,'女性',0,0,1,1442547339,1442547339),(183,6,'娱乐',0,0,1,1442547339,1442547339),(184,6,'IT',0,0,1,1442547339,1442547339),(185,6,'互联网',0,0,1,1442547339,1442547339),(186,6,'财经',0,0,1,1442547339,1442547339),(187,6,'母婴',0,0,1,1442547339,1442547339),(188,6,'体育',0,0,1,1442547339,1442547339),(189,6,'美食',0,0,1,1442547339,1442547339),(190,6,'职场',0,0,1,1442547339,1442547339),(191,6,'教育',0,0,1,1442547339,1442547339),(192,6,'游戏',0,0,1,1442547339,1442547339),(193,6,'旅游',0,0,1,1442547339,1442547339),(194,6,'科技数码',0,0,1,1442547339,1442547339),(195,6,'摄影',0,0,1,1442547339,1442547339),(196,6,'校园',0,0,1,1442547339,1442547339),(197,6,'杂谈',0,0,1,1442547339,1442547339),(198,4,'音乐',0,0,1,1442547339,1442547339),(199,4,'运动健身',0,0,1,1442547339,1442547339),(200,4,'运动健康',0,0,1,1442547339,1442547339),(201,4,'财经',0,0,1,1442547339,1442547339),(202,4,'营销',0,0,1,1442547339,1442547339),(203,4,'育儿',0,0,1,1442547339,1442547339),(204,4,'职场',0,0,1,1442547339,1442547339),(205,4,'美食',0,0,1,1442547339,1442547339),(206,4,'美容美装',0,0,1,1442547339,1442547339),(207,4,'美容美妆',0,0,1,1442547339,1442547339),(208,4,'科技数码',0,0,1,1442547339,1442547339),(209,4,'电商',0,0,1,1442547339,1442547339),(210,4,'生活',0,0,1,1442547339,1442547339),(211,4,'演员',0,0,1,1442547339,1442547339),(212,4,'游戏',0,0,1,1442547339,1442547339),(213,4,'汽车',0,0,1,1442547339,1442547339),(214,4,'母婴',0,0,1,1442547339,1442547339),(215,26,'支付宝',0,0,1,0,0),(216,26,'中国银行',0,0,1,0,0),(217,26,'招商银行',0,0,1,0,0),(218,26,'建设银行',0,0,1,0,0);

/*Data for the table `t_follower` */

insert  into `t_follower`(`iAutoID`,`sTitle`,`iMinPrice`,`iMaxPrice`,`iStatus`,`iCreateTime`,`iUpdateTime`) values (1,'500以下',0,500,1,0,1445328802),(2,'500~1000',500,1000,1,0,0),(3,'1000~2000',1000,2000,1,0,0),(4,'2000~3000',2000,3000,1,0,0),(5,'3000~5000',3000,5000,1,0,0),(6,'5000以上',5000,999999,1,0,0);

/*Data for the table `t_home_case` */

insert  into `t_home_case`(`iAutoID`,`iType`,`sTitle`,`sImage`,`sUrl`,`sDesc`,`iUserNum`,`iReadNum`,`iZanNum`,`iAvgZan`,`sMediaName1`,`sOpenName1`,`sFollowerNum1`,`sMediaImage1`,`sMediaUrl1`,`sMediaName2`,`sOpenName2`,`sFollowerNum2`,`sMediaImage2`,`sMediaUrl2`,`iStatus`,`iCreateTime`,`iUpdateTime`) values (1,1,'上海发布1','5b95a519d0feb7962dbf287d01ca88957a6864ee.jpg','/media/detail/id/1.html','2014中国互联网经济年会于18日颁发了该年会评出的“2014十大年度人物”奖，以下为获奖名单及颁奖词。波司登国际控股有限公司总裁高德康在互联网经济大背景下，他确立了“追求卓越、自强不息”的特色经营管理模式…',333,2,11,6,'sMediaName2','sMediaName2','sMediaName2','5b95a519d0feb7962dbf287d01ca88957a6864ee.jpg','/media/detail/id/1.html','sMediaName2','sMediaName2','sMediaName2','5b95a519d0feb7962dbf287d01ca88957a6864ee.jpg','/media/detail/id/1.html',0,0,1445309640),(2,2,'上海发布','5b95a519d0feb7962dbf287d01ca88957a6864ee.jpg','/media/detail/id/1.html','2014中国互联网经济年会于18日颁发了该年会评出的“2014十大年度人物”奖，以下为获奖名单及颁奖词。波司登国际控股有限公司总裁高德康在互联网经济大背景下，他确立了“追求卓越、自强不息”的特色经营管理模式…',3,11,22,7,'sMediaName2','sMediaName2','sMediaName2','5b95a519d0feb7962dbf287d01ca88957a6864ee.jpg','/media/detail/id/1.html','sMediaName2','sMediaName2','sMediaName2','5b95a519d0feb7962dbf287d01ca88957a6864ee.jpg','/media/detail/id/1.html',1,0,1445764592),(3,3,'上海发布','5b95a519d0feb7962dbf287d01ca88957a6864ee.jpg','/media/detail/id/1.html','2014中国互联网经济年会于18日颁发了该年会评出的“2014十大年度人物”奖，以下为获奖名单及颁奖词。波司登国际控股有限公司总裁高德康在互联网经济大背景下，他确立了“追求卓越、自强不息”的特色经营管理模式…',22,22,33,7,'sMediaName2','sMediaName2','sMediaName2','5b95a519d0feb7962dbf287d01ca88957a6864ee.jpg','/media/detail/id/1.html','sMediaName2','sMediaName2','sMediaName2','5b95a519d0feb7962dbf287d01ca88957a6864ee.jpg','/media/detail/id/1.html',1,0,1445764462),(4,4,'上海发布','5b95a519d0feb7962dbf287d01ca88957a6864ee.jpg','/media/detail/id/1.html','2014中国互联网经济年会于18日颁发了该年会评出的“2014十大年度人物”奖，以下为获奖名单及颁奖词。波司登国际控股有限公司总裁高德康在互联网经济大背景下，他确立了“追求卓越、自强不息”的特色经营管理模式…',34,33,44,8,'sMediaName2','sMediaName2','sMediaName2','5b95a519d0feb7962dbf287d01ca88957a6864ee.jpg','/media/detail/id/1.html','sMediaName2','sMediaName2','sMediaName2','5b95a519d0feb7962dbf287d01ca88957a6864ee.jpg','/media/detail/id/1.html',1,0,0),(5,5,'上海发布','5b95a519d0feb7962dbf287d01ca88957a6864ee.jpg','/media/detail/id/1.html','2014中国互联网经济年会于18日颁发了该年会评出的“2014十大年度人物”奖，以下为获奖名单及颁奖词。波司登国际控股有限公司总裁高德康在互联网经济大背景下，他确立了“追求卓越、自强不息”的特色经营管理模式…',433,44,55,9,'sMediaName2','sMediaName2','sMediaName2','5b95a519d0feb7962dbf287d01ca88957a6864ee.jpg','/media/detail/id/1.html','sMediaName2','sMediaName2','sMediaName2','5b95a519d0feb7962dbf287d01ca88957a6864ee.jpg','/media/detail/id/1.html',1,0,0);

/*Data for the table `t_home_manager` */

insert  into `t_home_manager`(`iAutoID`,`sName`,`sImage`,`sUrl`,`sDesc`,`iStatus`,`iCreateTime`,`iUpdateTime`) values (1,'李军   嘉利公关上海分公司副总经理','dff2342a77ffe5b6a713251c6d8fa12a05560cff.png','/media/detail/id/1.html','<p>作是为传统的公关公司，我们发现客户越来越重视活跃在社交媒体上的意见领袖，借助51wom自媒体平台，为客户的品牌建设打开了新媒体传播的渠道。通过这些自媒体平台的精准传播，迅速改善和提高了品牌的影响力，也提升了我们在客户面前的专业形象和服务粘性！</p><p><br/></p>',1,0,1445745989),(2,'王经理','/front/images/pic/07.jpg','/media/detail/id/1.html','在中国的古语中有句\"酒香不怕巷子深\"的说法，然而在互联网时代，网络上每天产生的信息量太多，不注重推广好产品也会被埋没。',0,0,0),(3,'陈经理','/front/images/pic/07.jpg','/media/detail/id/1.html','在中国的古语中有句\"酒香不怕巷子深\"的说法，然而在互联网时代，网络上每天产生的信息量太多，不注重推广好产品也会被埋没。',0,0,0),(4,'总经理','/front/images/pic/07.jpg','/media/detail/id/1.html','在中国的古语中有句\"酒香不怕巷子深\"的说法，然而在互联网时代，网络上每天产生的信息量太多，不注重推广好产品也会被埋没。',0,0,0),(5,'梁经理','/front/images/pic/07.jpg','/media/detail/id/1.html','在中国的古语中有句\"酒香不怕巷子深\"的说法，然而在互联网时代，网络上每天产生的信息量太多，不注重推广好产品也会被埋没。',0,0,0),(6,'Alex   维构文化传媒联合创始人、高级副总裁','4d0bf4cb21c022f7597f97eeaea943ce93d1ad76.png','/media/detail/id/1.html','<p>我们在服务客户过程中，越来越多的使用到自媒体资源，但自媒体选号，沟通联络的工作非常琐碎，在51wom平台上，一切都变得非常简单，基于大数据的投放分析，让我们轻松选择合适账号，后续的沟通联络下单都由51wom处理，节省了我们很多的时间成本，有更多精力在出更多地精品创意。</p><p><br/></p>',1,1445332267,1445332267),(7,'吴兆华     氩氪广告策略合伙人','80626637b3a4ba66a12e9179d10d2840a1bb9034.jpg','/media/detail/id/1.html','<p>在社交媒体时代，好的策略需要精准的资源进行落地和放大，51wom的自媒体分析和投放系统帮助我们提升了内部资源管理的效率，通过集中购买也提升了资源性价比，51wom服务团队的全程紧密配合也让我们获得了一个又一个客户的好评。</p><p><br/></p>',1,1445332732,1445332750),(8,'林正涌     欧安派公关总监','a10acc7647337944790307386ae1195a295d23b3.png','/media/detail/id/1.html','<p>社会化媒体如今正蒸蒸日上，好的内容和创意需要好的传播配合。51wom自媒体营销平台整合了数十万自媒体资源，庞大的数据库，挑选使用非常方便，帮我们提升了资源使用效率，通过平台资源给创意插上传播的翅膀。</p><p><br/></p>',1,1445332791,1445332791),(9,'小没   携程新媒体运营经理','4d0e9e16078af5e7775067fc78dd22b2f05d3f4a.png','/media/detail/id/1.html','<p>作为一名新媒体运营人员，我之前经常苦恼于策划了非常有创意的微信活动没人知道，没人参与，也尝试过联系KOL，使用自媒体资源类平台，但效率都太低，51wom自媒体营销平台消除了我的烦恼，自主选择，自主下单，还安排服务人员跟进盯紧执行，给我的感觉非常好。</p><p><br/></p>',1,1445332849,1445332849),(10,'kris    汉维广告创始人&首席执行官','c188dbda001cdce9e530e0cfcc9ebad7ebc98890.png','/media/detail/id/1.html','<p>随着社会化媒体的快速发展，自媒体作为一个新的传播媒介应运而生，在过去三年跟51wom合作的过程中，他们在自媒体资源方面的资源丰富度和专业度帮助我们拿下一个又一个客户，得到我们公司的高度认可，而且51wom还有一套完整的自媒体资源评估体系，让我们用的放心。</p><p><br/></p>',1,1445332917,1445332917),(11,'susie  迈擎传播创始人','4d0e9e16078af5e7775067fc78dd22b2f05d3f4a.png','/media/detail/id/1.html','<p>数字营销领域谁站在风口上？必属社会化媒体营销。社群时代人人都是自媒体，自媒体的应用、策略、管理，采购，逐渐成为一门新的生意。51wom是行业里面最早发展自媒体资源的平台，我们合作也非常稳定，希望借助51wom的发展壮大，双方有更多地合作机会。</p><p><br/></p>',1,1445333056,1445333056);

/*Data for the table `t_kv` */

insert  into `t_kv`(`sKey`,`sData`,`iStatus`,`iCreateTime`,`iUpdateTime`) values ('user_active_email_title','51wom用户激活',1,0,0),('user_active_email_content','为了保障您的账号安全，我们已经给您的注册邮箱发送了一个激活邮件，请查收并点击激活链接完成注册。<a href=\"{sActiveUrl}\">立即激活</a>',1,0,0),('user_forget_email_title','51wom忘记密码',1,0,0),('user_forget_email_content','为了保障您的账号安全，我们已经给您的注册邮箱:xx@xx.com发送了一个激活邮件，请查收并点击激活链接完成注册。<a href=\"{sForgetUrl}\">立即激活</a>',1,0,0),('media_approve_email_title','[51wom]您发布的媒体账号{0}已经通过审核',1,0,0),('media_approve_email_content','[51wom]您发布的媒体账号{0}已经通过审核',1,0,0),('ad_approve_email_title','[51wom]您发布的广告任务{0}已经通过审核',1,0,0),('ad_approve_email_content','[51wom]您发布的广告任务{0}已经通过审核',1,0,0),('media_receive_order_email_title','[51wom]您有新的订单，金额{0}元',1,0,0),('media_receive_order_email_content','[51wom]您有新的订单，金额{0}元',1,0,0),('media_receive_order_ok_email_title','[51wom]{0}已经接了您的广告',1,0,0),('media_receive_order_ok_email_content','[51wom]{0}已经接了您的广告',1,0,0),('media_submit_preview_email_title','[51wom]{0}已经提交了广告预览，请查看',1,0,0),('media_sumit_preview_email_content','[51wom]{0}已经提交了广告预览，请查看',1,0,0),('ad_approve_preview_email_title','[51wom]广告主{0}已经确定了广告内容，请安排投放',1,0,0),('ad_approve_preview_email_content','[51wom]广告主{0}已经确定了广告内容，请安排投放',1,0,0),('media_runing_email_title','[51wom]媒体主{0}已经执行了您的广告',1,0,0),('media_runing_email_content','[51wom]媒体主{0}已经执行了您的广告',1,0,0),('media_confirm_email_title','[51wom]广告主已经确定了您发布的广告',1,0,0),('media_confirm_email_content','[51wom]广告主已经确定了您发布的广告',1,0,0),('media_submit_effect_title','[51wom]媒体主{0}已经提交了您广告的执行效果图，请您确认',1,0,0),('media_submit_effect_content','[51wom]媒体主{0}已经提交了您广告的执行效果图，请您确认',1,0,0);

/*Data for the table `t_menu` */

insert  into `t_menu`(`iMenuID`,`sMenuName`,`iParentID`,`sUrl`,`sIcon`,`iOrder`,`iStatus`,`iCreateTime`,`iUpdateTime`) values (1,'系统配置',0,'/admin/user/list.html','icon-lock',10,1,1419237865,1444402925),(3,'用户管理',1,'/admin/user/list.html','',-1,1,0,1445327866),(4,'角色管理',1,'/admin/role/list.html','',1,1,0,1419502463),(5,'权限点管理',1,'/admin/permission/list.html','',3,1,0,1442198734),(6,'菜单管理',1,'/admin/menu/list.html','',2,1,0,1419502464),(7,'城市管理',1,'/admin/city/list.html','',0,1,1419486016,1419486016),(8,'用户管理',0,'/admin/member/list.html','icon-lock',6,1,1442847244,1444402928),(9,'用户列表',8,'/admin/member/list.html','',0,1,1442847265,1442847265),(10,'基础配置管理',1,'/admin/domain/list.html','',4,1,1442847324,1442847324),(11,'网站内容管理',0,'/admin/website/list.html','icon-lock',9,1,1442847393,1444402925),(12,'网站内容列表',11,'/admin/website/list.html','',0,1,1442847420,1442847420),(13,'搜索条件管理',1,'/admin/follower/list.html','',5,1,1442847490,1442847490),(14,'敏感词管理',1,'/admin/badword/list.html','',6,1,1442847539,1442847539),(15,'自媒体管理',0,'/admin/media/list.html','icon-lock',7,1,1442847575,1445324038),(16,'资源列表',15,'/admin/media/list.html','',0,1,1442847591,1443021873),(17,'代理列表',1,'/admin/crawlproxy/list.html','',7,1,1443696821,1443696821),(18,'价格配置段列表',1,'/admin/price/list.html','',8,1,1443697728,1443697728),(19,'微信数据',0,'/admin/crawlweixin/list.html','icon-lock',8,1,1443715826,1445324314),(20,'微信列表',19,'/admin/crawlweixin/list.html','',0,1,1443715848,1443715848),(21,'文章列表',19,'/admin/crawlwxarticle/list.html','',0,1,1443715873,1443715873),(22,'订单管理',0,'/admin/ad/list.html','icon-lock',5,1,1444122625,1445323994),(23,'订单列表',22,'/admin/ad/list.html','',0,1,1444122652,1445324285),(24,'首页管理',0,'/admin/banner/list.html','icon-lock',4,1,1444402844,1444402928),(25,'banner广告',24,'/admin/banner/list.html','',0,1,1444402868,1445325448),(26,'圈子名称',24,'/admin/workmedia/list.html','',0,1,1444402915,1445324274),(27,'首页案例',24,'/admin/homecase/list','',0,1,1444837881,1445325417),(28,'客户证言',24,'/admin/homemanager/list','',0,1,1444837921,1445324350),(29,'财务管理',0,'/admin/finance/list','icon-lock',11,1,1444840345,1444840345),(30,'财务列表',29,'/admin/finance/list','',0,1,1444840405,1444840405),(31,'媒体审核',15,'/admin/mediash/list','',0,1,1444840512,1444840512),(32,'订单审核',22,'/admin/adsh/list','',0,1,1444840600,1445324295),(33,'申请提现',29,'/admin/finances/list.html','',0,1,1444840777,1445335499),(34,'操作日志',1,'/admin/user/log.html','',9,1,1445520562,1445520585);

/*Data for the table `t_meta` */

insert  into `t_meta`(`sPage`,`sTitle`,`sDescription`,`sKeyword`,`iStatus`,`iCreateTime`,`iUpdateTime`) values ('home_page','51WOM运营平台','{Desc}','{Tags}',1,0,0),('ad_add','{sTitle}','{Desc}','{Tags}',1,0,0),('media_add','{sTitle}','{Desc}','{Tags}',1,0,0),('mcenter_page','{sTitle}','{Desc}','{Tags}',1,0,0),('media_center','{sTitle}','{Desc}','{Tags}',1,0,0),('media_detail','{sTitle}','{Desc}','{Tags}',1,0,0),('help_page','{sTitle}','{sdescription}','{skeywords}',1,0,0),('user_reg','用户注册','{Desc}','{Tags}',1,0,0),('user_login','用户登录','{Desc}','{Tags}',1,0,0),('user_forget','忘记密码','{Desc}','{Tags}',1,0,0),('common_page','{sTitle}','{Desc}','{Tags}',1,0,0),('ad_detail','推广详情','{Desc}','{Tags}',1,0,0),('user_regok','{sTitle}','{Desc}','{Tags}',1,0,0),('user_active','用户激活成功','{Desc}','{Tags}',1,0,0);

/*Data for the table `t_permission` */

insert  into `t_permission`(`iPermissionID`,`iMenuID`,`sPermissionName`,`sPath`,`iStatus`,`iCreateTime`,`iUpdateTime`) values (1,3,'用户信息','/admin/user/info',1,1441856241,1441856241),(2,3,'密码修改','/admin/user/chgpwd',1,1441856241,1441856241),(3,3,'用户删除','/admin/user/del',1,1441856241,1441856241),(4,3,'用户列表','/admin/user/list',1,1441856241,1441856241),(5,3,'用户修改','/admin/user/edit',1,1441856241,1441856241),(6,3,'增加用户','/admin/user/add',1,1441856241,1441856241),(7,7,'城市删除\r','/admin/city/del',1,1441856241,1441856241),(8,7,'城市列表\r','/admin/city/list',1,1441856241,1441856241),(9,7,'城市修改\r','/admin/city/edit',1,1441856241,1441856241),(10,7,'增加城市\r','/admin/city/add',1,1441856241,1441856241),(11,7,'更换城市\r','/admin/city/change',1,1441856241,1441856241),(12,4,'删除角色\r','/admin/role/del',1,1441856241,1441856241),(13,4,'角色列表\r','/admin/role/list',1,1441856241,1441856241),(14,4,'编辑角色\r','/admin/role/edit',1,1441856241,1441856241),(15,4,'增加角色\r','/admin/role/add',1,1441856241,1441856241),(16,6,'删除菜单\r','/admin/menu/del',1,1441856241,1441856241),(17,6,'菜单列表\r','/admin/menu/list',1,1441856241,1441856241),(18,6,'编辑菜单\r','/admin/menu/edit',1,1441856241,1441856241),(19,6,'菜单移动\r','/admin/menu/move',1,1441856241,1441856241),(20,6,'增加菜单\r','/admin/menu/add',1,1441856241,1441856241),(21,5,'权限点列表\r','/admin/permission/list',1,1441856241,1441856241),(22,5,'删除权限点\r','/admin/permission/del',1,1441856241,1441856241),(23,5,'编辑权限点\r','/admin/permission/edit',1,1441856241,1441856241),(24,5,'增加权限点\r','/admin/permission/add',1,1441856241,1441856241),(25,5,'生成权限点\r','/admin/permission/make',1,1441856241,1441856241),(26,25,'banner滚动删除\r','/admin/banner/del',1,1444894789,1444894789),(27,25,'banner滚动列表\r','/admin/banner/list',1,1444894789,1444894789),(28,25,'banner滚动修改\r','/admin/banner/edit',1,1444894789,1444894789),(29,25,'增加banner滚动\r','/admin/banner/add',1,1444894789,1444894789),(30,17,'代理列表::index','/admin/index',1,1444894789,1444894789),(31,17,'代理列表::login','/admin/login',1,1444894789,1444894789),(32,17,'代理列表::logout','/admin/logout',1,1444894789,1444894789),(33,17,'代理列表::signin','/admin/signin',1,1444894789,1444894789),(34,17,'代理列表::permission','/admin/permission',1,1444894789,1444894789),(35,27,'首页实例删除\r','/admin/homecase/del',1,1444894789,1444894789),(36,27,'首页实例列表\r','/admin/homecase/list',1,1444894789,1444894789),(37,27,'首页实例修改\r','/admin/homecase/edit',1,1444894789,1444894789),(38,27,'增加首页实例\r','/admin/homecase/add',1,1444894789,1444894789),(39,28,'首页经理删除\r','/admin/homemanager/del',1,1444894789,1444894789),(40,28,'首页经理列表\r','/admin/homemanager/list',1,1444894789,1444894789),(41,28,'首页经理修改\r','/admin/homemanager/edit',1,1444894789,1444894789),(42,28,'增加首页经理\r','/admin/homemanager/add',1,1444894789,1444894789),(43,23,'广告删除\r','/admin/ad/del',1,1444894789,1444894789),(44,23,'广告列表\r','/admin/ad/list',1,1444894789,1444894789),(45,23,'广告信息\r','/admin/ad/show',1,1444894789,1444894789),(46,23,'导出\r','/admin/ad/adexplode',1,1444894789,1444894789),(47,23,'广告修改\r','/admin/ad/edit',1,1444894789,1444894789),(48,23,'增加广告\r','/admin/ad/add',1,1444894789,1444894789),(49,23,'导出\r','/admin/ad/explode',1,1444894789,1444894789),(50,32,'广告删除\r','/admin/adsh/del',1,1444894789,1444894789),(51,32,'广告列表\r','/admin/adsh/list',1,1444894789,1444894789),(52,32,'广告信息\r','/admin/adsh/show',1,1444894789,1444894789),(53,32,'导出\r','/admin/adsh/adexplode',1,1444894789,1444894789),(54,32,'广告修改\r','/admin/adsh/edit',1,1444894789,1444894789),(55,32,'增加广告\r','/admin/adsh/add',1,1444894789,1444894789),(56,32,'导出\r','/admin/adsh/explode',1,1444894789,1444894789),(57,9,'用户信息','/admin/member/info',1,1444894789,1444894789),(58,9,'密码修改','/admin/member/chgpwd',1,1444894789,1444894789),(59,9,'用户删除','/admin/member/del',1,1444894789,1444894789),(60,9,'用户列表','/admin/member/list',1,1444894789,1444894789),(61,9,'用户修改','/admin/member/edit',1,1444894789,1444894789),(62,9,'增加用户','/admin/member/add',1,1444894789,1444894789),(63,9,'导出','/admin/member/explode',1,1444894789,1444894789),(64,16,'自媒体删除\r','/admin/media/del',1,1444894789,1444894789),(65,16,'自媒体列表\r','/admin/media/list',1,1444894789,1444894789),(66,16,'自媒体修改\r','/admin/media/edit',1,1444894789,1444894789),(67,16,'增加自媒体\r','/admin/media/add',1,1444894789,1444894789),(68,16,'更换自媒体\r','/admin/media/change',1,1444894789,1444894789),(69,16,'导出资源数据\r','/admin/media/explode',1,1444894789,1444894789),(70,31,'自媒体删除\r','/admin/mediash/del',1,1444894789,1444894789),(71,31,'自媒体列表\r','/admin/mediash/list',1,1444894789,1444894789),(72,31,'自媒体修改\r','/admin/mediash/edit',1,1444894789,1444894789),(73,31,'增加自媒体\r','/admin/mediash/add',1,1444894789,1444894789),(74,31,'更换自媒体\r','/admin/mediash/change',1,1444894789,1444894789),(75,31,'导出资源数据\r','/admin/mediash/explode',1,1444894789,1444894789),(76,12,'网站内容删除\r','/admin/website/del',1,1444894789,1444894789),(77,12,'网站内容列表\r','/admin/website/list',1,1444894789,1444894789),(78,12,'网站内容修改\r','/admin/website/edit',1,1444894789,1444894789),(79,12,'增加网站内容\r','/admin/website/add',1,1444894789,1444894789),(80,10,'基础配置删除\r','/admin/domain/del',1,1444894789,1444894789),(81,10,'基础配置列表\r','/admin/domain/list',1,1444894789,1444894789),(82,10,'基础配置修改\r','/admin/domain/edit',1,1444894789,1444894789),(83,10,'增加基础配置\r','/admin/domain/add',1,1444894789,1444894789),(84,13,'搜索条件除删\r','/admin/follower/del',1,1444894789,1444894789),(85,13,'搜索条件列表\r','/admin/follower/list',1,1444894789,1444894789),(86,13,'搜索条件修改\r','/admin/follower/edit',1,1444894789,1444894789),(87,13,'增加搜索条件\r','/admin/follower/add',1,1444894789,1444894789),(88,14,'敏感词删除\r','/admin/badword/del',1,1444894789,1444894789),(89,14,'敏感词列表\r','/admin/badword/list',1,1444894789,1444894789),(90,14,'敏感词修改\r','/admin/badword/edit',1,1444894789,1444894789),(91,14,'增加敏感词\r','/admin/badword/add',1,1444894789,1444894789),(92,18,'价格配置段除删\r','/admin/price/del',1,1444894789,1444894789),(93,18,'价格配置段列表\r','/admin/price/list',1,1444894789,1444894789),(94,18,'价格配置段修改\r','/admin/price/edit',1,1444894789,1444894789),(95,18,'增加价格配置段\r','/admin/price/add',1,1444894789,1444894789),(96,33,'财务删除\r','/admin/finance/del',1,1444894789,1444894789),(97,33,'财务列表\r','/admin/finance/list',1,1444894789,1444894789),(98,33,'财务修改\r','/admin/finance/edit',1,1444894789,1444894789),(99,33,'增加财务\r','/admin/finance/add',1,1444894789,1444894789),(100,33,'导出\r','/admin/finance/explode',1,1444894789,1444894789);

/*Data for the table `t_price` */

insert  into `t_price`(`iAutoID`,`sTitle`,`iMinPrice`,`iMaxPrice`,`iStatus`,`iCreateTime`,`iUpdateTime`) values (1,'500以下',0,500,1,0,1445330042),(2,'500~1000',500,1000,1,0,0),(3,'1000~2000',1000,2000,1,0,0),(4,'2000~3000',2000,3000,1,0,0),(5,'3000~5000',3000,5000,1,0,0),(6,'5000以上',5000,999999,1,0,0);

/*Data for the table `t_role` */

insert  into `t_role`(`iRoleID`,`sRoleName`,`sDesc`,`sPermission`,`sModule`,`iStatus`,`iCreateTime`,`iUpdateTime`) values (109,'系统管理员','超级管理员','26,27,28,29,35,36,37,38,39,40,41,42,43,44,45,46,47,48,49,50,51,52,53,54,55,56,57,58,59,60,61,62,63,64,65,66,67,68,69,70,71,72,73,74,75,76,77,78,79,1,2,3,4,5,6,7,8,9,10,11,12,13,14,15,16,17,18,19,20,21,22,23,24,25,80,81,82,83,84,85,86,87,88,89,90,91,30,31,32,33,34,92,93,94,95,96,97,98,99,100','24,25,26,27,28,22,23,32,8,9,15,16,31,19,20,21,11,12,1,3,7,4,6,5,10,13,14,17,18,29,30,33',1,1419564722,1445495033),(110,'系统管理员','高级管理员','44,45,46,1,2,3,4,5,6,7,8,9,10,11,12,13','9,21,10',1,1419575346,1445495066),(111,'系统管理员','普通管理员','43,44,1,2,3,4,5,16','22,23,9',1,1419575403,1445506689),(112,'编辑','编辑人员','1,2,3,4,5,44,16','2,9',1,1419575450,1428890234),(115,'总部分析师','总部分析师','1,2,3,4,5,6,7,8,9,10,11,12,13,14,15,16,17,18,19,20,21,22,23,24,25','1,3,7,4,6,5',1,1423550198,1441855907),(116,'test','test','1,2,3,4,5,6,12,13,14,15','1,3,4',0,1442198504,1442198510),(117,'媒介专员','媒介维护专员','29,65,67,68,71,72,73,74,75','24,25,15,16,31',1,1445327565,1445327722);

/*Data for the table `t_website` */

insert  into `t_website`(`iWebSiteID`,`iType`,`iParentID`,`sPage`,`sTitle`,`skeywords`,`sdescription`,`sContent`,`iStatus`,`iCreateTime`,`iUpdateTime`) values (1,1,0,'about','关于51wom','微信KOL','关于51wom的简单介绍','<p><br/></p><p style=\"text-align: left;\">&nbsp; &nbsp;51wom是专注于新媒体价值发现、策略发展、广告投放与效果监控的数据平台和自助投放系统，覆盖微信、微博等主流自媒体平台，依托于强大的技术实力和数据积累，我们对每一个账号的基本属性数据、历史传播数据、内容数据进行分析，并通过持续的数据积累和文本内容分析，进行自媒体营销价值挖掘，帮助品牌主和代理公司以数据化的方式呈现并发现最合适品牌的自媒体、达成与自媒体的商业合作并监控传播效果，放大品牌传播效果。</p><p><br style=\"text-align: left;\"/></p><p style=\"text-align: left;\"><strong>我们的优势：</strong></p><p style=\"text-align: left;\">&nbsp; 合作媒体丰富：<br style=\"text-align: left;\"/></p><p style=\"text-align: left;\">&nbsp; 与20000+优质自媒体深度合作，覆盖主流行业</p><p><br style=\"text-align: left;\"/></p><p style=\"text-align: left;\">&nbsp; 精准自助投放系统：</p><p style=\"text-align: left;\">&nbsp; 业内首家自媒体分析与推荐引擎，精准匹配，完成高效、智能化投放</p><p><br style=\"text-align: left;\"/></p><p style=\"text-align: left;\">&nbsp; 集合购买价比高：</p><p style=\"text-align: left;\">&nbsp; 客服团队全程介入，大号配合度高，性价比好</p><p><br style=\"text-align: left;\"/></p><p style=\"text-align: left;\">&nbsp; 专属团队增值服务：</p><p style=\"text-align: left;\">&nbsp; 自媒体策略、排期、约稿、监控、数据报告全程服务</p><p><br style=\"text-align: left;\"/></p><p style=\"text-align: left;\"><strong>我们的服务：</strong></p><p style=\"text-align: left;\">&nbsp; 社交媒体策略服务：</p><p style=\"text-align: left;\">&nbsp; 提供社交媒体传播策略规划、购买执行、效果监控全程服务，帮助品牌定制自媒体解决方案</p><p><br style=\"text-align: left;\"/></p><p style=\"text-align: left;\">&nbsp; 资源采买服务：</p><p style=\"text-align: left;\">&nbsp; 利用我们的在线投放系统，提供自媒体资源的批量购买采买服务，完成一站式自助投放</p><p><br style=\"text-align: left;\"/></p><p style=\"text-align: left;\">&nbsp; 媒体约稿及发布服务：</p><p style=\"text-align: left;\">&nbsp; 进行定制化内容创作，与自媒体进行约稿发布，进行有影响力的传播</p><p><br style=\"text-align: left;\"/></p><p style=\"text-align: left;\">&nbsp; 社交媒体整合传播服务：</p><p style=\"text-align: left;\">&nbsp; 提供社交媒体洞察、策略、创意、自媒体应用、技术开发一站式社交媒体创意整合营销服务</p><p><br style=\"text-align: left;\"/></p>',1,1443619163,1445514785),(2,0,0,'','sfsaf','','','			<p>51wom是一个专注于整合微信公众号等社会化媒体资源的平台。</p>\r\n			<p>51wom进驻超过1000个意见领袖、10万个各行业帐号资源，服务1000+广告主，运营团队有超过4年的社交化营销经验。</p>\r\n			<p>满足不同企业、公关公司的各类采购要求，让广告主通过平台，轻松实现一站式广告推广，媒介主轻松派单，找到客户。</p>\r\n',0,1444368383,1444368383),(3,0,0,'','测试','','','测试<p><br/></p>',0,1444830183,1444830183),(4,1,0,'','1','1','1','<p>1<br/></p>',0,1445314779,1445314779),(5,1,0,'contact','联系我们','微信KOL','联系我们信息','<h2 style=\"margin: 0px; padding: 40px 0px 20px; font-size: 22px; color: rgb(43, 47, 55); font-family: &#39;Hiragino Sans GB&#39;, Helvetica, Arial, &#39;Microsoft Yahei&#39;; line-height: 32px; white-space: normal; background-color: rgb(255, 255, 255);\">加入我们：</h2><p style=\"margin-top: 0px; margin-bottom: 0px; padding: 0px 0px 20px; color: rgb(43, 47, 55); font-family: &#39;Hiragino Sans GB&#39;, Helvetica, Arial, &#39;Microsoft Yahei&#39;; line-height: 32px; white-space: normal; background-color: rgb(255, 255, 255);\">网址：<a href=\"http://www.qmgchina.com/\" style=\"text-decoration: none; color: rgb(24, 117, 209);\">www.51wom.com</a><br/>地址：上海市普陀区新村路423弄46号绿地威科国际广场1005室</p><p style=\"margin-top: 0px; margin-bottom: 0px; padding: 0px 0px 20px; color: rgb(43, 47, 55); font-family: &#39;Hiragino Sans GB&#39;, Helvetica, Arial, &#39;Microsoft Yahei&#39;; line-height: 32px; white-space: normal; background-color: rgb(255, 255, 255);\">交通：地铁七号线1号口出右拐直走，靠近黄陵路</p><p><br/></p>',1,1445327007,1445514890),(6,0,0,'join','加入我们','微信KOL','51wom招聘信息','<p style=\"margin-top: 0px; margin-bottom: 0px; padding: 0px 0px 20px; color: rgb(43, 47, 55); font-family: &#39;Hiragino Sans GB&#39;, Helvetica, Arial, &#39;Microsoft Yahei&#39;; line-height: 32px; white-space: normal; background-color: rgb(255, 255, 255);\">&nbsp; &nbsp; &nbsp; &nbsp;51wom是专注于新媒体价值发现、策略发展、广告投放与效果监控的数据平台和自助投放系统，覆盖微信、微博等主流自媒体平台，依托于强大的技术实力和数据积累，我们对每一个账号的基本属性数据、历史传播数据、内容数据进行分析，并通过持续的数据积累和文本内容分析，进行自媒体营销价值挖掘，帮助品牌主和代理公司以数据化的方式呈现并发现最合适品牌的自媒体、达成与自媒体的商业合作并监控传播效果，放大品牌传播效果。</p><p style=\"margin-top: 0px; margin-bottom: 0px; padding: 0px 0px 20px; color: rgb(43, 47, 55); font-family: &#39;Hiragino Sans GB&#39;, Helvetica, Arial, &#39;Microsoft Yahei&#39;; line-height: 32px; white-space: normal; background-color: rgb(255, 255, 255);\"><strong style=\"color: rgb(0, 0, 0);\">我们要找的小伙伴有：</strong></p><ul style=\"margin-bottom: 15px; margin-left: 45px; padding: 0px; color: rgb(43, 47, 55); font-family: &#39;Hiragino Sans GB&#39;, Helvetica, Arial, &#39;Microsoft Yahei&#39;; line-height: 32px; white-space: normal; background-color: rgb(255, 255, 255);\" class=\" list-paddingleft-2\"><li><p>客户经理（Account Manager）</p></li><li><p>客户执行（Account Executive）</p></li><li><p>策划经理（Planning Manager）</p></li><li><p>资深文案（Senior Copywriter）</p></li><li><p>资深设计师（Senior Web Designer）</p></li><li><p>互动开发经理（Interactive Development Manager）</p></li><li><p>产品经理（Product Manager）</p></li><li><p>实习生</p></li></ul><h2 style=\"margin: 0px; padding: 40px 0px 20px; font-size: 22px; color: rgb(43, 47, 55); font-family: &#39;Hiragino Sans GB&#39;, Helvetica, Arial, &#39;Microsoft Yahei&#39;; line-height: 32px; white-space: normal; background-color: rgb(255, 255, 255);\"><span style=\"color: rgb(51, 153, 255);\">一、</span><span style=\"color: rgb(84, 141, 212);\">产品经理（Product Manager）</span></h2><p style=\"margin-top: 0px; margin-bottom: 0px; padding: 0px 0px 20px; color: rgb(43, 47, 55); font-family: &#39;Hiragino Sans GB&#39;, Helvetica, Arial, &#39;Microsoft Yahei&#39;; line-height: 32px; white-space: normal; background-color: rgb(255, 255, 255);\"><strong style=\"color: rgb(0, 0, 0);\">职位描述：</strong><br/>1、分析市场动态，项目和用户需求，对国内外成功产品的设计，经济和服务的体系进行研究，为产品提供思路和方向支持；<br/>2、负责公司产品的商业化运作，包括活动规划、日常运营活动策划与追踪、运营数据分析与策略调整等；<br/>3、对用户需求、市场需求和业务需求进行调研分析，不断优化产品，提升产品质量，提高收费能力，延长生命周期；<br/>4、协调产品的文档整理、商务推广、市场宣传等配合工作。</p><p style=\"margin-top: 0px; margin-bottom: 0px; padding: 0px 0px 20px; color: rgb(43, 47, 55); font-family: &#39;Hiragino Sans GB&#39;, Helvetica, Arial, &#39;Microsoft Yahei&#39;; line-height: 32px; white-space: normal; background-color: rgb(255, 255, 255);\"><strong style=\"color: rgb(0, 0, 0);\">任职要求：</strong><br/>1、本科及以上学历优先；<br/>2、具备成功产品策划经验或运营经验；<br/>3、逻辑清晰，有较强的数据整理和运营分析能力；<br/>4、沟通能力强，有较好应变能力，能处理相对复杂的沟通、协调问题，有较强的驱动能力。</p><h2 style=\"margin: 0px; padding: 40px 0px 20px; font-size: 22px; color: rgb(43, 47, 55); font-family: &#39;Hiragino Sans GB&#39;, Helvetica, Arial, &#39;Microsoft Yahei&#39;; line-height: 32px; white-space: normal; background-color: rgb(255, 255, 255);\">二、BD总监</h2><p style=\"margin-top: 0px; margin-bottom: 0px; padding: 0px 0px 20px; color: rgb(43, 47, 55); font-family: &#39;Hiragino Sans GB&#39;, Helvetica, Arial, &#39;Microsoft Yahei&#39;; line-height: 32px; white-space: normal; background-color: rgb(255, 255, 255);\"><strong style=\"color: rgb(0, 0, 0);\">职位描述：</strong><br/>1、新业务拓展及前期客户维护；<br/>2、积极开拓市场，定期拜访客户，主动了解客户需求和市场动态，并将客户信息及时向上级反馈；<br/>3、代表公司与客户品牌直接责任人员建立良好的合作关系；<br/>4、按时参加业务会议，按时提交每周工作进度表、月度考核表及月度工作计划；<br/>5、了解各部门工作流程，配合其他同事完成工作任务，确保为客户提供最优质的服务；<br/>6、互联网行业（媒体或技术平台）直客销售1年或1年以上经验；<br/>7、传统媒体（平面、户外、电视）直客销售2年或2年以上经验；（PS，平面，以品牌客户资源外主；户外，以客户把控力为主；电视；以储备人才为售卖公司视频资源为主。）<br/>8、拥有2年以上相关工作经验（传统媒体3年、互联网媒体2年或代理公司1年），拥有稳定的客户资源及关系。</p><h2 style=\"margin: 0px; padding: 40px 0px 20px; font-size: 22px; color: rgb(43, 47, 55); font-family: &#39;Hiragino Sans GB&#39;, Helvetica, Arial, &#39;Microsoft Yahei&#39;; line-height: 32px; white-space: normal; background-color: rgb(255, 255, 255);\">三、客户经理（Account Manager）</h2><p style=\"margin-top: 0px; margin-bottom: 0px; padding: 0px 0px 20px; color: rgb(43, 47, 55); font-family: &#39;Hiragino Sans GB&#39;, Helvetica, Arial, &#39;Microsoft Yahei&#39;; line-height: 32px; white-space: normal; background-color: rgb(255, 255, 255);\"><strong style=\"color: rgb(0, 0, 0);\">职位描述：</strong><br/>1、负责公司现有客户维护，保持与客户长期良好的沟通，保障沟通的高效，建立良好的合作关系；<br/>2、充分了解现有客户需求，收集客户的需要，为客户提供整合方案；<br/>3、及时、准确地把握最新的客户沟通动态、业务需求动态、合作意向的变化，并积极地采取有效措施，推动公司与客户之间的合作关系向长期、稳定的方向发展；<br/>4、及时有效地向公司内部设计部门提交客户需求，帮助项目的准确有效达成。</p><p style=\"margin-top: 0px; margin-bottom: 0px; padding: 0px 0px 20px; color: rgb(43, 47, 55); font-family: &#39;Hiragino Sans GB&#39;, Helvetica, Arial, &#39;Microsoft Yahei&#39;; line-height: 32px; white-space: normal; background-color: rgb(255, 255, 255);\"><strong style=\"color: rgb(0, 0, 0);\">任职要求：</strong><br/>1、大专及以上学历，两年以上客户服务经验，社会化媒体营销公司经验优先；<br/>2、具备团队协作精神，优秀的沟通能力和良好的人际关系；<br/>3、具有亲和力，抗压能力强；<br/>4、理解能力强，善于沟通和协调，善于解决问题，思路清晰，反应敏捷；<br/>5、熟悉广告公司作业流程。</p><h2 style=\"margin: 0px; padding: 40px 0px 20px; font-size: 22px; color: rgb(43, 47, 55); font-family: &#39;Hiragino Sans GB&#39;, Helvetica, Arial, &#39;Microsoft Yahei&#39;; line-height: 32px; white-space: normal; background-color: rgb(255, 255, 255);\">四、客户执行（Account Executive）</h2><p style=\"margin-top: 0px; margin-bottom: 0px; padding: 0px 0px 20px; color: rgb(43, 47, 55); font-family: &#39;Hiragino Sans GB&#39;, Helvetica, Arial, &#39;Microsoft Yahei&#39;; line-height: 32px; white-space: normal; background-color: rgb(255, 255, 255);\"><strong style=\"color: rgb(0, 0, 0);\">职位描述：</strong><br/>1、执行日常的客户执行工作；<br/>2、协助客户完成有效的在线推广活动；<br/>3、日常会议的安排、纪要、总结、跟进；<br/>4、定期与内部团队沟通、定期检查内部销售报告，并根据每次会议议题做内部跟进；<br/>5、客户与内部人员工作行程的确定及安排；<br/>6、项目执行中，与主管的沟通、配合。</p><p style=\"margin-top: 0px; margin-bottom: 0px; padding: 0px 0px 20px; color: rgb(43, 47, 55); font-family: &#39;Hiragino Sans GB&#39;, Helvetica, Arial, &#39;Microsoft Yahei&#39;; line-height: 32px; white-space: normal; background-color: rgb(255, 255, 255);\"><strong style=\"color: rgb(0, 0, 0);\">任职资格：</strong><br/>1、1年以上广告行业客户对接经验；<br/>2、有网络口碑营销执行经验，熟悉微信、微博、新技术等各项营销工具的使用；<br/>3、有良好的语言表达能力，擅于与客户进行沟通；<br/>4、注重团队精神，学习能力强；<br/>5、性格开朗，承受压力能力强。</p><h2 style=\"margin: 0px; padding: 40px 0px 20px; font-size: 22px; color: rgb(43, 47, 55); font-family: &#39;Hiragino Sans GB&#39;, Helvetica, Arial, &#39;Microsoft Yahei&#39;; line-height: 32px; white-space: normal; background-color: rgb(255, 255, 255);\">五、策划经理（Planning Manager）</h2><p style=\"margin-top: 0px; margin-bottom: 0px; padding: 0px 0px 20px; color: rgb(43, 47, 55); font-family: &#39;Hiragino Sans GB&#39;, Helvetica, Arial, &#39;Microsoft Yahei&#39;; line-height: 32px; white-space: normal; background-color: rgb(255, 255, 255);\"><strong style=\"color: rgb(0, 0, 0);\">职位描述：</strong><br/>1、负责公司营销文案的策划与撰写；<br/>2、独立为客户提供整合营销解决方案；<br/>3、与其他需求部门充分沟通，用准确的语言及原形制作出需求方案；<br/>4、了解最新的口碑营销趋势、了解微博营销、微信营销、H5新技术优先。</p><p style=\"margin-top: 0px; margin-bottom: 0px; padding: 0px 0px 20px; color: rgb(43, 47, 55); font-family: &#39;Hiragino Sans GB&#39;, Helvetica, Arial, &#39;Microsoft Yahei&#39;; line-height: 32px; white-space: normal; background-color: rgb(255, 255, 255);\"><strong style=\"color: rgb(0, 0, 0);\">任职资格：</strong><br/>1、1年以上工作经验，广告或公关公司从事策划工作优先，有较丰富的策划经验成功案例；<br/>2、熟悉互联网，对网络营销有浓厚兴趣；<br/>3、具备良好的文笔，能够独立撰写各类策划方案及稿件；<br/>4、策略突出，创意独到，能够指导并指引创作方向；<br/>5、思维缜密，富有激情，性格开朗，善于沟通；<br/>6、具有较强的时间观念，能够适应较强的工作压力。</p><h2 style=\"margin: 0px; padding: 40px 0px 20px; font-size: 22px; color: rgb(43, 47, 55); font-family: &#39;Hiragino Sans GB&#39;, Helvetica, Arial, &#39;Microsoft Yahei&#39;; line-height: 32px; white-space: normal; background-color: rgb(255, 255, 255);\">六、资深文案（Senior Copywriter）</h2><p style=\"margin-top: 0px; margin-bottom: 0px; padding: 0px 0px 20px; color: rgb(43, 47, 55); font-family: &#39;Hiragino Sans GB&#39;, Helvetica, Arial, &#39;Microsoft Yahei&#39;; line-height: 32px; white-space: normal; background-color: rgb(255, 255, 255);\"><strong style=\"color: rgb(0, 0, 0);\">职位描述：</strong><br/>1、完成各类创意推广方案；<br/>2、完成各类文案的创意点与写作；<br/>3、参与客户的日常沟通与交流；<br/>4、参与项目执行规划及实施。</p><p style=\"margin-top: 0px; margin-bottom: 0px; padding: 0px 0px 20px; color: rgb(43, 47, 55); font-family: &#39;Hiragino Sans GB&#39;, Helvetica, Arial, &#39;Microsoft Yahei&#39;; line-height: 32px; white-space: normal; background-color: rgb(255, 255, 255);\"><strong style=\"color: rgb(0, 0, 0);\">任职资格：</strong><br/>1、1年以上社会化媒体营销行业文案策划经验优先；有服务汽车行业经验优先；<br/>2、有社会化媒体营销执行经验，熟悉微博、微信、论坛、新闻等各项营销工具的使用；<br/>3、较好的文案功底，文笔流畅；<br/>4、全面独到的思想创意，富有创造力；<br/>5、有良好的语言表达能力，擅于与客户进行沟通，有成功案例者优先；<br/>6、注重团队精神，学习能力强；<br/>7、性格开朗，承受压力能力强。</p><h2 style=\"margin: 0px; padding: 40px 0px 20px; font-size: 22px; color: rgb(43, 47, 55); font-family: &#39;Hiragino Sans GB&#39;, Helvetica, Arial, &#39;Microsoft Yahei&#39;; line-height: 32px; white-space: normal; background-color: rgb(255, 255, 255);\">七、资深设计师（Senior Web Designer）</h2><p style=\"margin-top: 0px; margin-bottom: 0px; padding: 0px 0px 20px; color: rgb(43, 47, 55); font-family: &#39;Hiragino Sans GB&#39;, Helvetica, Arial, &#39;Microsoft Yahei&#39;; line-height: 32px; white-space: normal; background-color: rgb(255, 255, 255);\"><strong style=\"color: rgb(0, 0, 0);\">职位描述：</strong><br/>1、负责公司网站设计，专题页设计；<br/>2、客户广告创意设计；<br/>3、独立完成部分项目设计工作；<br/>4、网站日常运营维护中的设计，日常项目的沟通；<br/>5、主视觉设计、网站页面设计；<br/>6、网站互动设计、网络广告设计；<br/>7、各种网络视觉元素设计；<br/>8、配合创意总监进行创意发想。</p><p style=\"margin-top: 0px; margin-bottom: 0px; padding: 0px 0px 20px; color: rgb(43, 47, 55); font-family: &#39;Hiragino Sans GB&#39;, Helvetica, Arial, &#39;Microsoft Yahei&#39;; line-height: 32px; white-space: normal; background-color: rgb(255, 255, 255);\"><strong style=\"color: rgb(0, 0, 0);\">任职资格：</strong><br/>1、二年以上网站设计经验，有良好的美术表现力，了解互动相关技术，具有较好的美术基础和绘画能力；<br/>2、熟练掌握Flash、Photoshop、Dreamweaver、Illustrator等相关软件；<br/>3、有网络广告公司及商业设计工作经验者优先；<br/>4、责任心强、富有团队合作精神，主动沟通和学习能力。</p><p style=\"margin-top: 0px; margin-bottom: 0px; padding: 0px 0px 20px; color: rgb(43, 47, 55); font-family: &#39;Hiragino Sans GB&#39;, Helvetica, Arial, &#39;Microsoft Yahei&#39;; line-height: 32px; white-space: normal; background-color: rgb(255, 255, 255);\">履历请附网站作品。</p><h2 style=\"margin: 0px; padding: 40px 0px 20px; font-size: 22px; color: rgb(43, 47, 55); font-family: &#39;Hiragino Sans GB&#39;, Helvetica, Arial, &#39;Microsoft Yahei&#39;; line-height: 32px; white-space: normal; background-color: rgb(255, 255, 255);\">八、互动开发经理（Interactive Development Manager）</h2><p style=\"margin-top: 0px; margin-bottom: 0px; padding: 0px 0px 20px; color: rgb(43, 47, 55); font-family: &#39;Hiragino Sans GB&#39;, Helvetica, Arial, &#39;Microsoft Yahei&#39;; line-height: 32px; white-space: normal; background-color: rgb(255, 255, 255);\"><strong style=\"color: rgb(0, 0, 0);\">职位描述：</strong><br/>1、负责参与移动平台下APP需求分析、产品模块设计和产品模块研发；<br/>2、负责根据客户需求设计APP内容，提供前端和后端的技术应用解决方案。</p><p style=\"margin-top: 0px; margin-bottom: 0px; padding: 0px 0px 20px; color: rgb(43, 47, 55); font-family: &#39;Hiragino Sans GB&#39;, Helvetica, Arial, &#39;Microsoft Yahei&#39;; line-height: 32px; white-space: normal; background-color: rgb(255, 255, 255);\"><strong style=\"color: rgb(0, 0, 0);\">任职资格：</strong><br/>1、有1年以上WEB前端开发经验；<br/>2、 精通HTML5/CSS3,JavaScript、Ajax等Web开发技术，熟练使用多种JS类库，了解各个浏览器的兼容性问题；<br/>3、与UI设计人员及网站后端人员一起工作，开发过成熟线上Web网站，有移动端web开发经验者；<br/>4、有iphone、ipad、android等智能手机和其他移动设备开发经验优先，参与过App项目开发工作优先；<br/>5、懂web后端程序语言（如asp、php等）基础者优先。</p><h2 style=\"margin: 0px; padding: 40px 0px 20px; font-size: 22px; color: rgb(43, 47, 55); font-family: &#39;Hiragino Sans GB&#39;, Helvetica, Arial, &#39;Microsoft Yahei&#39;; line-height: 32px; white-space: normal; background-color: rgb(255, 255, 255);\">九、实习生</h2><p style=\"margin-top: 0px; margin-bottom: 0px; padding: 0px 0px 20px; color: rgb(43, 47, 55); font-family: &#39;Hiragino Sans GB&#39;, Helvetica, Arial, &#39;Microsoft Yahei&#39;; line-height: 32px; white-space: normal; background-color: rgb(255, 255, 255);\">1、广告类／传媒类／英文类专业本科以上背景，大三／大四在读；<br/>2、良好的沟通及协调能力，能承受一定的工作压力，勇于挑战；<br/>3、实习考核后优秀者可正式录用，实习期间能保证一周至少工作四天；<br/>4、2015年毕业生优先。</p><p style=\"margin-top: 0px; margin-bottom: 0px; padding: 0px 0px 20px; color: rgb(43, 47, 55); font-family: &#39;Hiragino Sans GB&#39;, Helvetica, Arial, &#39;Microsoft Yahei&#39;; line-height: 32px; white-space: normal; background-color: rgb(255, 255, 255);\">我们提供不低于同行的薪资，项目奖金、季度奖金、年底全员分红、节日福利、行业培训、年度体检、五险一金、员工旅游一应俱全。</p><h2 style=\"white-space: normal; margin: 0px; padding: 40px 0px 20px; font-size: 22px; color: rgb(43, 47, 55); font-family: &#39;Hiragino Sans GB&#39;, Helvetica, Arial, &#39;Microsoft Yahei&#39;; line-height: 32px; background-color: rgb(255, 255, 255);\">加入我们：</h2><p style=\"margin-top: 0px; margin-bottom: 0px; white-space: normal; padding: 0px 0px 20px; color: rgb(43, 47, 55); font-family: &#39;Hiragino Sans GB&#39;, Helvetica, Arial, &#39;Microsoft Yahei&#39;; line-height: 32px; background-color: rgb(255, 255, 255);\">网址：<a href=\"http://www.qmgchina.com/\" style=\"text-decoration: none; color: rgb(24, 117, 209);\">www.51wom.com</a></p><p style=\"margin-top: 0px; margin-bottom: 0px; white-space: normal; padding: 0px 0px 20px; color: rgb(43, 47, 55); font-family: &#39;Hiragino Sans GB&#39;, Helvetica, Arial, &#39;Microsoft Yahei&#39;; line-height: 32px; background-color: rgb(255, 255, 255);\">简历投递邮箱：hr@51wom.com<br/>地址：上海市普陀区新村路423弄46号绿地威科国际广场1005室</p><p style=\"margin-top: 0px; margin-bottom: 0px; white-space: normal; padding: 0px 0px 20px; color: rgb(43, 47, 55); font-family: &#39;Hiragino Sans GB&#39;, Helvetica, Arial, &#39;Microsoft Yahei&#39;; line-height: 32px; background-color: rgb(255, 255, 255);\">交通：地铁七号线1号口出右拐直走，靠近黄陵路</p><p><br/></p>',1,1445333831,1445514896),(7,4,0,'exemption','免责说明','微信KOL','51wom免责说明','<p style=\"margin: 10px 0;line-height: 30px;border: none;padding: 0\"><strong><span style=\"font-size:16px;font-family:&#39;微软雅黑&#39;,&#39;sans-serif&#39;;color:#4397D5\">免责声明</span></strong></p><p style=\"line-height: 29px\"><span style=\"font-size:12px;font-family:&#39;微软雅黑&#39;,&#39;sans-serif&#39;;color:#666666\">51wom</span><span style=\"font-size:12px;font-family: &#39;微软雅黑&#39;,&#39;sans-serif&#39;;color:#666666\">提醒用户在使用51wom服务之前，仔细阅读并理解以下条款，尤其是限制用户权利的条款。使用51wom服务的行为将视为用户已经同意本声明的全部内容，并将在使用51wom服务的过程中遵守执行。</span></p><p style=\"line-height: 29px\"><span style=\"font-size:12px;font-family:&#39;微软雅黑&#39;,&#39;sans-serif&#39;;color:#666666\">1</span><span style=\"font-size:12px;font-family:&#39;微软雅黑&#39;,&#39;sans-serif&#39;;color:#666666\">、51wom是供有广告投放需求的客户（下称“广告主”）和能够提供广告发布服务的自媒体账号（以下简称“自媒体”）交易的第三方平台。51wom平台展示广告主提供的广告内容、自媒体提供的账号名称、粉丝数等原始数据，供广告主、自媒体根据需要甄选符合自己需求的服务对象进行交易。</span></p><p style=\"line-height: 29px\"><span style=\"font-size:12px;font-family:&#39;微软雅黑&#39;,&#39;sans-serif&#39;;color:#666666\">2</span><span style=\"font-size:12px;font-family:&#39;微软雅黑&#39;,&#39;sans-serif&#39;;color:#666666\">、51wom将对广告主的身份、广告内容、自媒体的身份信息、账号名称等内容进行审查，筛选出51wom认为不真实的信息，但由于网络平台的特殊性及51wom的局限性，51wom无法筛选出所有的不真实信息并做处理，但将尽最大努力保证所有信息的真实性。</span></p><p style=\"line-height: 29px\"><span style=\"font-size:12px;font-family:&#39;微软雅黑&#39;,&#39;sans-serif&#39;;color:#666666\">3</span><span style=\"font-size:12px;font-family:&#39;微软雅黑&#39;,&#39;sans-serif&#39;;color:#666666\">、51wom提供粉丝核实服务，即通过人工确认的方式核实自媒体账号认证时点的粉丝数量。因51wom的网络性和局限性，核实服务仅供广告主参考，不作为推广效果的依据。</span></p><p style=\"line-height: 29px\"><span style=\"font-size:12px;font-family:&#39;微软雅黑&#39;,&#39;sans-serif&#39;;color:#666666\">4</span><span style=\"font-size:12px;font-family:&#39;微软雅黑&#39;,&#39;sans-serif&#39;;color:#666666\">、广告主应如实填写广告信息，对广告内容的真实性、准确性、合法性、推广后的影响负责，51wom倡导各广告主诚信发布广告、遵守法律法规以共同维护网络环境。</span></p><p style=\"line-height: 29px\"><span style=\"font-size:12px;font-family:&#39;微软雅黑&#39;,&#39;sans-serif&#39;;color:#666666\">5</span><span style=\"font-size:12px;font-family:&#39;微软雅黑&#39;,&#39;sans-serif&#39;;color:#666666\">、自媒体应如实填写对应平台的相应数据，包括但不限于账号名称、地域、账号粉丝数、受众信息等，并反馈真实的推广效果，51wom倡导自媒体诚信服务、遵守法律法规以共同维护网络环境。</span></p><p style=\"line-height: 29px\"><span style=\"font-size:12px;font-family:&#39;微软雅黑&#39;,&#39;sans-serif&#39;;color:#666666\">6</span><span style=\"font-size:12px;font-family:&#39;微软雅黑&#39;,&#39;sans-serif&#39;;color:#666666\">、自媒体应综合考虑广告内容的真实性、准确性、合法性等因素后选择是否接单，一旦选择接单则应自行承担广告内容发布后对其账号造成的一切影响。广告主与自媒体因广告发布产生的纠纷由双方自行解决。</span></p><p style=\"line-height: 29px\"><span style=\"font-size:12px;font-family:&#39;微软雅黑&#39;,&#39;sans-serif&#39;;color:#666666\">7</span><span style=\"font-size:12px;font-family:&#39;微软雅黑&#39;,&#39;sans-serif&#39;;color:#666666\">、广告主推广需要使用知名媒体或名人账号时应注意，账号名称为自媒体自取，其账号官方平台允许同名账号存在时，广告主在选择时应注意查看该账号是否有所在平台（非51wom平台）的官方认证以确保该账号确实为该知名媒体或名人账号。51wom提供的粉丝核实服务并非知名媒体账号、名人账号的官方认证服务，两者有本质的区别，不能混为一谈。</span></p><p style=\"line-height: 29px\"><span style=\"font-size:12px;font-family:&#39;微软雅黑&#39;,&#39;sans-serif&#39;;color:#666666\">8</span><span style=\"font-size:12px;font-family:&#39;微软雅黑&#39;,&#39;sans-serif&#39;;color:#666666\">、51wom基于广告主需求向其推荐的账号，仅是51wom基于账号自身数据分析判断做出的推荐，由广告主最终确认是否使用51wom推荐的账号。</span></p><p style=\"line-height: 29px\"><span style=\"font-size:12px;font-family:&#39;微软雅黑&#39;,&#39;sans-serif&#39;;color:#666666\">9</span><span style=\"font-size:12px;font-family:&#39;微软雅黑&#39;,&#39;sans-serif&#39;;color:#666666\">、51wom将采取必要手段为用户信息保密，但基于技术限制等，51wom并不能保证用户的信息完全不被泄露。</span></p><p style=\"line-height: 29px\"><span style=\"font-size:12px;font-family:&#39;微软雅黑&#39;,&#39;sans-serif&#39;;color:#666666\">10</span><span style=\"font-size:12px;font-family:&#39;微软雅黑&#39;,&#39;sans-serif&#39;;color:#666666\">、用户应同意51wom有限度的使用其信息，包括但不限于向用户及时发送重要通知或派发订单、51wom内部进行审计、数据分析和研究等51wom自行判断为合理使用的情形及法律法规要求等。</span></p><p style=\"line-height: 29px\"><span style=\"font-size:12px;font-family:&#39;微软雅黑&#39;,&#39;sans-serif&#39;;color:#666666\">11</span><span style=\"font-size:12px;font-family:&#39;微软雅黑&#39;,&#39;sans-serif&#39;;color:#666666\">、用户认为51wom的其它用户侵犯其权利的，可向51wom提供权利证明文件、身份证明文件等，51wom审核评估后将采取适当措施予以处理。</span></p><p style=\"margin: 10px 0;line-height: 30px;border: none;padding: 0\"><strong><span style=\"font-size:16px;font-family:&#39;微软雅黑&#39;,&#39;sans-serif&#39;;color:#4397D5\">法律声明</span></strong></p><p style=\"line-height: 29px\"><span style=\"font-size:12px;font-family:&#39;微软雅黑&#39;,&#39;sans-serif&#39;;color:#666666\">为了维护上海谦玛网络科技有限公司（简称“51wom”，原“51wom”）及其用户的合法权利，遵守中华人民共和国互联网管理法规，51wom专用律师事务所的基本信息如下：</span></p><p style=\"line-height: 28px\"><strong><span style=\"font-size: 16px;font-family:&#39;微软雅黑&#39;,&#39;sans-serif&#39;;color:#D12829\">上海泽玖欣律师事务所</span></strong></p><p style=\"line-height: 18px\"><span style=\"font-size:12px;font-family:&#39;微软雅黑&#39;,&#39;sans-serif&#39;;color:#666666\">上海市长寿路868号中港慧2001-2002室<br/> 律师：高大力&nbsp; 高级合伙人&nbsp; 律师</span></p><p style=\"line-height: 18px\"><span style=\"font-size:12px;font-family:&#39;微软雅黑&#39;,&#39;sans-serif&#39;;color:#666666\">电话：021-6117 0488</span></p><p style=\"line-height: 18px\"><span style=\"font-size:12px;font-family:&#39;微软雅黑&#39;,&#39;sans-serif&#39;;color:#666666\">手机：18501600496</span></p><p style=\"line-height: 18px\"><span style=\"font-size:12px;font-family:&#39;微软雅黑&#39;,&#39;sans-serif&#39;;color:#666666\">邮箱：gdl@ciclawyer.com</span></p><p style=\"margin-top: 12px;line-height: 29px\"><span style=\"font-size:12px;font-family:&#39;微软雅黑&#39;,&#39;sans-serif&#39;;color:#666666\">备注：51wom所列举上述法律事务所，除非经过51wom书面特别授权，并不代表51wom对外出具任何意见或者承担任何联络、转达、回复之义务。&nbsp;<br/> 任何向51wom提出的要求、发出的通知均应当发送到51wom，由51wom决定是否需要法律顾问提供帮助，直接发送给51wom法律顾问或者任何其他合作伙伴的要求、通知，均属无效。</span></p><p>&nbsp;</p><p><br/></p>',1,1445333953,1445515048),(8,1,0,'','51wom 客户使用条款','微信KOL','51wom 客户使用条款-用户注册须知','<p><br/></p><p>本协议为您与51wom网站（以下简称“本网站”）之间签订，本协议具有合同效力。您在注册时，应仔细阅读本协议的相关内容，您的注册成功及使用行为即表示您已充分阅读、理解并接受本协议的全部内容，包括本网站随时所做的任何修改，并自愿接受相关的约束。</p><p><br/></p><p><strong>一、 定义</strong></p><p><br/></p><p>在本协议中所使用的下列词语，除非另有定义，应具有以下含义：&nbsp;</p><p><br/></p><p>1．“本网站”在无特别说明的情况下，均指51wom(51wom.com)。</p><p><br/></p><p>2．“客户”指符合本协议所规定的条件，同意遵守本网站各种规则、条款（包括但不限于本协议），使用本网站进行产品及服务的营销或企业品牌推广事宜的个人或机构。</p><p><br/></p><p><strong>二、客户资格</strong></p><p><br/></p><p>1．只有符合下列条件之一的自然人或法人才能申请成为本网站客户，可以使用本网站的服务：</p><p><br/></p><p>（1）年满十八岁，并具有完全民事权利能力和民事行为能力的自然人（未满十八岁的自然人需经其监护人书面同意）；</p><p><br/></p><p>（2）根据中国法律或注册地法律、法规有效成立并合法存在的公司、企事业单位、社团组织和其他组织。</p><p><br/></p><p>2．无民事行为能力人、限制民事行为能力人以及无经营或特定经营资格的组织不应注册为本网站客户或超过其民事行为能力范围从事交易的，其与本网站之间的协议自始无效，本网站一经发现，有权立即注销该客户，并追究其使用本网站&quot;服务&quot;的一切法律责任。</p><p><br/></p><p><strong>三、客户的权利和义务</strong></p><p><br/></p><p>1．客户有权根据本协议的规定及本网站发布的相关规则，使用本网站提供的服务，包括但不限于利用本网站网上交易平台发布任务信息、参与本网站的有关活动等。</p><p><br/></p><p>2．客户有义务确保向本网站提供的所有注册信息真实准确，包括但不限于真实名称/姓名、注册证号/身份证号、联系电话、地址、邮政编码等，并保证本网站可以通过上述联系方式及时与客户取得联系。同时，客户有义务在相关资料变更时及时更新注册信息。</p><p><br/></p><p>3．客户不得以任何形式擅自转让或授权他人使用自己在本网站的客户账号。</p><p><br/></p><p>4．客户有义务确保在本网站网上交易平台上发布的任务信息真实、准确，无误导性。客户应保证发布任务信息所对应的商品和服务是真实有效无害且合法的。客户不得在本网站平台上传播任何假冒伪劣产品（包括但不限于假冒专利、认证；不符合国家标准；过期变质；虚假服务等产品）。</p><p><br/></p><p>5．客户不得在本网站网上发布平台发布国家禁止发布的信息，不得发布侵犯他人知识产权或其他合法权益的信息，也不得发布违背社会公共利益或公共道德的信息。</p><p><br/></p><p>6．客户在使用本网站进行交易过程中应当遵守诚实信用原则，不得在交易过程中采取不正当竞争行为，不得扰乱网上交易的正常秩序，不得从事与网上交易无关的行为。</p><p><br/></p><p>7．客户承诺自己在本网站网上交易平台实施的所有行为遵守国家法律、法规和本网站的相关规定以及各种社会公共利益或公共道德。客户应对以该客户账号进行的所有行为及交易活动负全部责任。</p><p><br/></p><p>8．客户应自行承担因使用本网站、通过本网站进行网上交易等所产生的相关费用及税款。</p><p><br/></p><p>9．客户不得使用以下方式登录网站或破坏网站所提供的服务：</p><p><br/></p><p>（1）以任何机器人软件、蜘蛛软件、爬虫软件、刷屏软件或其它自动方式访问或登录本网站；</p><p><br/></p><p>（2）通过任何方式对本网站内部结构造成或可能造成不合理或不合比例的重大负荷的行为；</p><p><br/></p><p>（3）通过任何方式干扰或试图干扰网站的正常工作或网站上进行的任何活动。</p><p><br/></p><p>10．客户同意接收来自本网站的信息，包括但不限于活动信息、交易信息、促销信息等。且客户同意本网站公布的针对客户的相关管理规定、规则和通知也与本协议具有相同的法律效力。</p><p><br/></p><p><strong>四、51wom的权利和义务</strong></p><p><br/></p><p>1．本网站将在现有技术水平的基础上努力确保整个网上交易平台的正常运行，尽力避免服务中断或将中断时间限制在可行的最短时间内，保证客户网上交易活动的顺利进行。</p><p><br/></p><p>2．本网站将对客户在注册使用本网站网上交易平台中所遇到的问题及反馈及时作出回复。</p><p><br/></p><p>3．本网站有权对客户的注册信息进行查阅，对相关注册信息的真实性、合法性存在任何怀疑时，本网站有权发出通知询问客户并要求客户做出解释、改正，或不通知客户直接做出删除信息、删除账号等处理。</p><p><br/></p><p>4．客户因在本网站网上交易而与其他第三方产生纠纷的，客户通过司法部门或行政部门依照法定程序要求本网站提供相关资料，本网站将积极配合并提供有关资料。因客户本身及其行为产生的后果由客户自行承担。</p><p><br/></p><p>5．因网上信息平台的特殊性，本网站没有义务对所有客户的交易行为以及与交易有关的其他事项进行事前审查。若本网站认为客户存在违法、违反本协议规定或其他在本网站交易平台上的不当行为，本网站有权向客户核实有关情况，删除相关信息，限制客户活动，发出警告通知以及终止向该客户提供服务，并由客户自行承担所有责任。因此给本网站造成的全部损失，由客户承担赔偿责任。</p><p><br/></p><p>6．本网站有权在不通知客户的前提下删除或采取其他限制性措施处理下列信息：包括但不限于以规避费用为目的、以炒作信用为目的、存在欺诈等恶意或虚假内容、与网上交易无关或不是以交易为目的、存在恶意竞价或其他试图扰乱正常交易秩序因素、违反公共利益或可能严重损害本 网站和其他客户合法利益的。</p><p><br/></p><p>7．本网站并不保证所有客户的推广请求均能获得成功执行，也不保证客户的推广请求一定执行至客户账户额消耗完毕。客户的推广请求未按时执行或执行不成功的，本网站概不负责。</p><p><br/></p><p><strong>五、费用及支付方式</strong></p><p>1. 客户将需支付给本网站的推广费用预先充值到客户在本网站的账户中，该费用将用于向本网站支付服务费用；本网站有权从客户账户扣除客户产生的服务费用，客户需在本网站执行推广服务前向其支付每笔订单推广金额的100%。</p><p>2. 如客户预付费用余额不足，本网站系统将自动暂停推广服务；客户续费之后再启动服务。</p><p>3. 符合开票资格的，本网站可在客户付款后为客户开具相应金额的合法有效的增值税发票，增值税发票税点另计。</p><p>4. 如客户未按照规定按时付款，或违反其在本协议项下的任何义务，本网站有权立即停止向客户提供本协议项下全部服务并解除本合同，同时本网站无需承担任何法律责任。</p><p>5. 本网站不退还信息费，客户有权继续使用已充值但未使用完的账户余额。</p><p><br/></p><p><strong>六、服务的中断和终止</strong></p><p><br/></p><p>1．本网站可自行全权决定以任何理由（包括但不限于本网站认为客户已违反本协议，或客户超过180天内未登录本网站等情况）终止对客户的服务，并不再保存客户在本网站的全部资料（包括但不限于客户信息、商品信息、交易信息等），而无需通知该客户。服务终止后，本网站没有义务为客户保留原客户资料或与之相关的任何信息，或转发任何未曾阅读或发送的信息给客户或第三方。&nbsp;</p><p><br/></p><p>2．如客户向本网站提出注销本网站注册客户身份，需经本网站审核同意，由本网站注销该注册客户，客户即解除与本网站的协议关系，但本网站仍保留下列权利：</p><p><br/></p><p>（1）客户注销后，本网站有权保留该客户的资料，包括但不限于客户注册信息、交易记录等；</p><p><br/></p><p>（2）客户注销后，如客户在注销前在本网站交易平台上存在违法行为或违反本协议的行为，本网站仍可行使本协议所规定的权利。</p><p><br/></p><p>3．如存在下列情况，本网站可以注销客户、终止服务、要求客户赔偿本网站所受损失等：</p><p><br/></p><p>（1）根据本网站所掌握的事实依据，可以认定客户存在违法、违反本协议相关规定或其他在本网站交易平台上的不当行为；</p><p><br/></p><p>（2）本网站发现客户注册信息中主要内容是虚假的；</p><p><br/></p><p>（3）其它本网站认为需终止服务的情况。</p><p><br/></p><p><strong>七、免责声明</strong></p><p><br/></p><p><strong>八、当客户接受该协议时，客户应明确了解并同意∶</strong>&nbsp;</p><p><br/></p><p>1．客户使用本网站之风险由客户自行承担。本网站依据现有技术提供服务，尽管本网站将尽合理努力维护网上交易的正常运行，但本网站无法随时预见到任何技术上的问题或其他困难，该等困难可能导致您的交易行为受到影响（包括但不限于交易延迟、交易失败等），请您谨慎 考虑使用本网站交易平台所提供服务可能带来的风险。本网站不保证以下事项：</p><p><br/></p><p>（1）本网站将符合客户的全部要求；</p><p><br/></p><p>（2）本网站在任何情况下能够不受干扰及时提供服务、安全可靠或免于出现故障或错误；</p><p><br/></p><p>（3）本网站交易服务所依据的数据来源和取得结果是正确或可靠的。</p><p><br/></p><p>2．是否经由本网站下载或取得任何资料，由客户自行考虑、衡量并且自负风险，因下载任何资料而导致客户电脑系统的任何损坏或资料流失，客户自行负责。</p><p><br/></p><p>3．客户经由本网站取得的建议和资讯，无论其形式或表现，绝不构成本协议未明示规定的任何保证。</p><p><br/></p><p>4．基于以下原因而造成客户的利润、商誉损失或其它无形损失，本网站不承担任何直接或间接赔偿责任：</p><p><br/></p><p>（1）本网站的使用或无法使用；</p><p><br/></p><p>（2）客户的资料遭到未获授权的存取或变更；</p><p><br/></p><p>（3）本网站中任何第三方之声明或行为。</p><p><br/></p><p>5．对于客户所发布任务的合法性、真实性及其品质，以及客户履行交易的能力等，本网站无事先审查义务且不承担任何连带责任。</p><p><br/></p><p>6．本网站提供与其它网站或资源的链接，客户可能会因此连结至其它运营商经营的网站，但不表示本网站与这些运营商有任何关系，本网站不对上述链接网站及其网页内容进行管理监督。因使用或依赖任何此类网站或资源发布的或经由此类网站或资源获得的任何内容、物品或服务所产生的任何损害或损失，本网站不负任何直接或间接赔偿责任。</p><p><br/></p><p><strong>九、知识产权</strong></p><p><br/></p><p>1．出现在本网站上的内容，包括但不限于作品、图片、档案、资料、网站构架、网站版面的安排、网页设计、软件、经由本网站呈现的推广信息或资讯，均由本网站或相关权利人依法享有相应知识产权（包括但不限于著作权、商标权、专利权或其它专属权利等），客户仅在符合本网站使用目的的前提下被许可浏览和使用本网站。未经本网站或相关权利人明示授权，客户不得复制、修改、出租、出借、出售、传送、删除、添加本网站的内容， 或根据上述网站资料和资源制作成任何种类物品。</p><p><br/></p><p>2．本网站授予客户不可转移及非专属的使用权，使客户可以通过单机计算机使用本网站的目标代码（以下简称“软件”），但客户不得自行或许可任何第三方，复制、修改、创作衍生作品、进行还原工程、反向组译，或以其它方式破译或试图破译源代码，或出售、转让“软件” 或对“软件”进行再授权，或以其它方式移转&quot;软件&quot;之任何权利。客户同意不以任何方式修改“软件”，或使用修改后的“软件”。</p><p><br/></p><p>3．客户不得经由非本网站所提供的界面使用本网站。</p><p><br/></p><p><strong>十、不可抗力</strong></p><p><br/></p><p>十一、本网站对因超出我们合理控制之外的原因、事件或其他因素导致的未能履行本协议下的任何义务不承担责任。该等原因、事件或其 他因素包括但不限于战争、台风、水灾、火灾、雷击或地震、罢工、暴动、黑客攻击、网络病毒、电信部门技术管制、政府行为或任何其它自然或人为造成的灾难等 情况。</p><p><br/></p><p><strong>十二、法律适用与争议解决</strong></p><p><br/></p><p>1．本协议之订立、生效、解释、履行、修订与争议解决均适用中华人民共和国法律。</p><p><br/></p><p>2．如果发生因本协议或其违约、终止或效力而引起的或与之有关的任何争议、纠纷或索赔（以下简称“争议”），均应提交上海仲裁委员会进行仲裁，仲裁地点为上海。相关争议应单独仲裁，不得与任何其它方的争议在任何仲裁中合并处理，该仲裁裁决是终局，对各方均有约束力。</p><p><br/></p>',1,1445362770,1445362770),(9,1,0,'','51wom自媒体主协议','微信KOL','51wom自媒体主协议','<p><br/></p><p>本协议为您与51wom网站（以下简称“本网站”）之间签订，本协议具有合同效力。媒体主在注册时，应仔细阅读本协议的相关内容，您的注册成功及使用行为即表示您已充分阅读、理解并接受本协议的全部内容，包括本网站随时所做的任何修改，并自愿接受相关的约束。</p><p><br/></p><p><strong>一、定义</strong></p><p><br/></p><p>在本协议中所使用的下列词语，除非另有定义，应具有以下含义：</p><p><br/></p><p>1. “本网站”在无特别说明的情况下，均指51wom(51wom.com)。</p><p><br/></p><p>2. “媒体主”指符合本协议所规定的条件，同意遵守本网站各种规则、条款（包括但不限于本协议），使用本网站为本网站客户提供产品营销和品牌信息服务的个人或机构。</p><p><br/></p><p><strong>二、媒体主资格&nbsp;</strong></p><p><br/></p><p>1. 只有符合下列条件之一的自然人或法人才能申请成为本网站媒体主，可以使用本网站的服务：</p><p>(1) 年满十八岁，并具有完全民事权利能力和民事行为能力的自然人（未满十八岁的自然人需经其监护人书面同意）；</p><p>(2) 根据中国法律或注册地法律、法规有效成立并合法存在的公司、企事业单位、社团组织和其他组织。</p><p><br/></p><p>2. 无民事行为能力人、限制民事行为能力人以及无经营或特定经营资格的组织不应注册为本网站媒体主或超过其民事行为能力范围从事交易的，其与本网站之间的协议自始无效，本网站一经发现，有权立即注销该媒体主，并追究其使用本网站“服务”的一切法律责任。&nbsp;</p><p><br/></p><p><strong>三、媒体主的权利和义务&nbsp;</strong></p><p><br/></p><p>1. 媒体主有权根据本协议的规定及本网站发布的相关规则，使用本网站提供的服务，包括但不限于接受任务、获取本网站提供的信息及资讯等。&nbsp;</p><p><br/></p><p>2. 媒体主有义务确保向本网站提供的所有注册信息真实准确，包括但不限于真实名称/姓名、注册证号/身份证号、联系电话、电子邮件、支付宝账号等，并保证本网站可以通过上述联系方式及时与媒体主取得联系。同时，媒体主有义务在相关资料变更时及时更新注册信息。&nbsp;</p><p><br/></p><p>3. 媒体主不得以任何形式擅自转让或授权他人使用自己在本网站的媒体主账号。&nbsp;</p><p><br/></p><p>4. 媒体主不得在本网站网上发布平台发布国家禁止发布的信息，不得发布侵犯他人知识产权或其他合法权益的信息，也不得发布违背社会公共利益或公共道德的信息。&nbsp;</p><p><br/></p><p>5. 媒体主在使用本网站进行交易过程中应当遵守诚实信用原则，不得在交易过程中采取不正当竞争行为，不得扰乱网上交易的正常秩序，不得从事与网上交易无关的行为。&nbsp;</p><p><br/></p><p>6. 媒体主承诺自己在本网站网上交易平台实施的所有行为遵守国家法律、法规和本网站的相关规定以及各种社会公共利益或公共道德。媒体主应对以该媒体主账号进行的所有行为及交易活动负全部责任。&nbsp;</p><p><br/></p><p>7. 媒体主应自行承担因使用本网站、通过本网站进行网上交易等所产生的相关费用及税款。</p><p><br/></p><p>8. 媒体主不得使用以下方式登录网站或破坏网站所提供的服务：</p><p>(1) 以任何机器人软件、蜘蛛软件、爬虫软件、刷屏软件或其它自动方式访问或登录本网站；</p><p>(2) 通过任何方式对本网站内部结构造成或可能造成不合理或不合比例的重大负荷的行为；</p><p>(3) 通过任何方式干扰或试图干扰网站的正常工作或网站上进行的任何活动。</p><p><br/></p><p>9. 媒体主不得实施以下作弊行为：</p><p>(1) 提供虚假的投放证明、编造虚假的数据；</p><p>(2) 通过人工及程序制造的无效点击提高流量的行为，包括但不限于通过代理服务点击、互换点击等虚假无效点击；</p><p>(3) 任何非正常的产品投放形式，任何以文字诱导或强制媒体主点击的行为；</p><p>(4) 其他本网站合理认定为作弊的行为。</p><p><br/></p><p>10. 媒体主同意接收来自本网站的信息，包括但不限于活动信息、交易信息、促销信息等。且媒体主同意本网站公布的针对媒体主的相关管理规定、规则和通知也与本协议具有相同的法律效力。</p><p><br/></p><p><strong>四、51wom的权利和义务</strong></p><p><br/></p><p>1. 本网站将在现有技术水平的基础上努力确保整个网上交易平台的正常运行，尽力避免服务中断或将中断时间限制在可行的最短时间内，保证媒体主网上交易活动的顺利进行。</p><p><br/></p><p>2. 本网站将对媒体主在注册使用本网站网上交易平台中所遇到的问题及反馈及时作出回复。&nbsp;</p><p><br/></p><p>3. 本网站有权对媒体主的注册信息进行查阅，对相关注册信息的真实性、合法性存在任何怀疑时，本网站有权发出通知询问媒体主并要求媒体主做出解释、改正，或不通知媒体主直接做出删除信息、删除账号等处理。</p><p><br/></p><p>4. 媒体主因在本网站网上交易而与其他第三方产生纠纷的，媒体主通过司法部门或行政部门依照法定程序要求本网站提供相关资料，本网站将积极配合并提供有关资料。因媒体主本身及其行为产生的后果由媒体主自行承担。</p><p><br/></p><p>5. 因网上信息平台的特殊性，本网站没有义务对所有媒体主的交易行为以及与交易有关的其他事项进行事前审查。若本网站认为媒体主存在违法、违反本协议规定或其他在本网站交易平台上的不当行为，本网站有权向媒体主核实有关情况，删除相关信息，限制媒体主活动，发出警告通知以及终止结算，并由媒体主自行承担所有责任。因此给本网站造成的全部损失，由媒体主承担赔偿责任。</p><p><br/></p><p>6. 本网站有权在不通知媒体主的前提下删除或采取其他限制性措施处理下列信息：包括但不限于以规避费用为目的、以炒作信用为目的、存在欺诈等恶意或虚假内容、与网上交易无关或不是以交易为目的、存在恶意竞价或其他试图扰乱正常交易秩序因素、违反公共利益或可能严重损害本网站和其他媒体主合法利益的。&nbsp;</p><p><br/></p><p><strong>五、费用及支付方式</strong></p><p>1. 媒体主将按照本网站后台该媒体主对应账户的金额申请提款。媒体主完整、正确执行任务后，经本网站和本网站客户确认后，本网站将进行结算。</p><p><br/></p><p>2. 本网站媒体主的最终收入以本网站最终确认的金额为准，未经本网站最终确认的金额仅作为参考，不作为结算的依据。</p><p><br/></p><p><strong>六、服务的中断和终止</strong></p><p><br/></p><p>1.本网站可自行全权决定以任何理由（包括但不限于本网站认为媒体主已违反本协议，或媒体主超过180天内未登录本网站等情况）终止与媒体主的合作，并不再保存媒体主在本网站的全部资料（包括但不限于媒体主信息、商品信息、交易信息等），而无需通知该媒体主。合作终止后，本网站没有义务为媒体主保留原媒体主资料或与之相关的任何信息，或转发任何未曾阅读或发送的信息给媒体主或第三方。</p><p><br/></p><p>2. 如媒体主向本网站提出注销本网站注册媒体主身份，需经本网站审核同意，由本网站注销该注册媒体主，媒体主即解除与本网站的协议关系，但本网站仍保留下列权利：</p><p>(1) 媒体主注销后，本网站有权保留该媒体主的资料，包括但不限于媒体主注册信息、交易记录等；</p><p>(2) 媒体主注销后，如媒体主在注销前在本网站交易平台上存在违法行为或违反本协议的行为，本网站仍可行使本协议所规定的权利。</p><p><br/></p><p>3. 如存在下列情况，本网站可以注销媒体主、终止服务、不予结算、要求媒体主赔偿本网站所受损失等：</p><p>(1) 根据本网站所掌握的事实依据，可以认定媒体主存在违法、违反本协议相关规定或其他在本网站交易平台上的不当行为；</p><p>(2) 本网站发现媒体主注册信息中主要内容是虚假的；</p><p>(3) 媒体主出现本协议第三条第9项中的作弊行为；</p><p>(4) 其它本网站认为需终止服务的情况。&nbsp;</p><p><br/></p><p><strong>七、免责声明</strong></p><p><br/></p><p>当媒体主接受该协议时，媒体主应明确了解并同意：</p><p><br/></p><p>1. 媒体主使用本网站之风险由媒体主自行承担。本网站依据现有技术提供服务，尽管本网站将尽合理努力维护网上交易的正常运行，但本网站无法随时预见到任何技术上的问题或其他困难，该等困难可能导致您的交易行为受到影响（包括但不限于交易延迟、交易失败等），请您谨慎考虑使用本网站交易平台所提供服务可能带来的风 险。本网站不保证以下事项：</p><p>(1) 本网站将符合媒体主的全部要求；</p><p>(2) 本网站在任何情况下能够不受干扰及时提供服务、安全可靠或免于出现故障或错误；</p><p>(3) 本网站交易服务所依据的数据来源和取得结果是正确或可靠的。&nbsp;</p><p><br/></p><p>2. 是否经由本网站下载或取得任何资料，由媒体主自行考虑、衡量并且自负风险，因下载任何资料而导致媒体主电脑系统的任何损坏或资料流失，媒体主自行负责。</p><p><br/></p><p>3. 媒体主经由本网站取得的建议和资讯，无论其形式或表现，绝不构成本协议未明示规定的任何保证。&nbsp;</p><p><br/></p><p>4. 基于以下原因而造成媒体主的利润、商誉损失或其它无形损失，本网站不承担任何直接或间接赔偿责任：</p><p>(1) 本网站的使用或无法使用；</p><p>(2) 媒体主的资料遭到未获授权的存取或变更；</p><p>(3) 本网站中任何第三方之声明或行为。&nbsp;</p><p><br/></p><p>5. 对于媒体主在其自媒体主账号上发布的推广信息内容的真实性和合法性，本网站无审查义务且不承担任何连带责任。&nbsp;</p><p><br/></p><p>6. 本网站提供与其它网站或资源的链接，媒体主可能会因此连结至其它运营商经营的网站，但不表示本网站与这些运营商有任何关系，本网站不对上述链接网站及其网页 内容进行管理监督。因使用或依赖任何此类网站或资源发布的或经由此类网站或资源获得的任何内容、物品或服务所产生的任何损害或损失，本网站不负任何直接或间接赔偿责任。&nbsp;</p><p><br/></p><p><strong>八、知识产权</strong></p><p><br/></p><p>1. 所有出现在本网站上的内容，包括但不限于作品、图片、档案、资料、网站构架、网站版面的安排、网页设计、软件、经由本网站呈现的推广信息或资讯，均由本网 站或相关权利人依法享有相应知识产权（包括但不限于著作权、商标权、专利权或其它专属权利等），媒体主仅在符合本网站使用目的的前提下被许可浏览和使用本网 站。未经本网站或相关权利人明示授权，媒体主不得复制、修改、出租、出借、出售、传送、删除、添加本网站的内容，或根据上述网站资料和资源制作成任何种类物品。&nbsp;</p><p><br/></p><p>2. 本网站授予媒体主不可转移及非专属的使用权，使媒体主可以通过单机计算机使用本网站的目标代码（以下简称“软件”），但媒体主不得自行或许可任何第三方，复制、修改、创作衍生作品、进行还原工程、反向组译，或以其它方式破译或试图破译源代码，或出售、转让“软件”或对“软件”进行再授权，或以其它方式移转&quot;软件&quot;之任何权利。媒体主同意不以任何方式修改“软件”，或使用修改后的“软件”。&nbsp;</p><p><br/></p><p>3. 媒体主不得经由非本网站所提供的界面使用本网站。</p><p><br/></p><p><strong>九、不可抗力</strong></p><p><br/></p><p>本网站对因超出我们合理控制之外的原因、事件或其他因素导致的未能履行本协议下的任何义务不承担责任。该等原因、事件或其他因素包括但不限于战争、台风、 水灾、火灾、雷击或地震、罢工、暴动、黑客攻击、网络病毒、电信部门技术管制、政府行为或任何其它自然或人为造成的灾难等情况。&nbsp;</p><p><br/></p><p><strong>十、特别声明</strong></p><p><br/></p><p>提供直供服务的媒体主同意51wom根据市场情况和服务费费率调整，自动更改相应的对外报价。如果需要，媒体主可以根据需求在此基础上再次自行进行修改。</p><p><br/></p><p><strong>十一、法律适用与争议解决</strong></p><p><br/></p><p>1. 本协议之订立、生效、解释、履行、修订与争议解决均适用中华人民共和国法律。</p><p><br/></p><p>2. 如果发生因本协议或其违约、终止或效力而引起的或与之有关的任何争议、纠纷或索赔（以下简称“争议”），均应提交上海仲裁委员会进行仲裁，仲裁地点为上海。相关争议应单独仲裁，不得与任何其它方的争议在任何仲裁中合并处理，该仲裁裁决是终局，对各方均有约束力。</p><p><br/></p>',1,1445362854,1445362854),(10,4,0,'','51wom订单审核标准','微信KOL','51wom订单审核标准','<p>一. 推广活动审核标准：</p><p>1. 活动推广信息中不能使用涉黄、涉政、含有个人极端言论的内容；</p><p>2. 活动推广信息中不能使用中华人民共和国国旗、国徽、国歌；</p><p>3. 活动推广信息中不能使用国家机关和国家机关工作人员的名义；</p><p>4. 活动推广信息中不能使用国家级、最高级、最佳等用语；</p><p>5. 活动推广信息中不能出现妨碍社会安定和危害人身、财产安全，损害社会公共利益言论；</p><p>6. 活动推广信息中不可以妨碍社会公共秩序和违背社会良好风尚；</p><p>7. 活动推广信息中不能含有淫秽、迷信、恐怖、暴力、丑恶的内容；</p><p>8. 活动推广信息中不能含有民族、种族、宗教、性别歧视的内容；</p><p>9. 活动推广信息中不能涉及法律、行政法规规定禁止的其他情形；</p><p>10. 活动推广信息中不能涉及近期敏感言论和敏感活动，不发表自己的极端言论，不能抨击他人的产品或广告，不做负面推广；</p><p>二. 违规行为界定</p><p>(一) 危害信息主要包括：</p><p>1. 根据现行法律法规，危害国家及社会安全的信息(简称&quot;敏感信息&quot;)，主要表现为：</p><p>（1） 反对宪法确定的基本原则；</p><p>（2） 危害国家统一、主权和领土完整；</p><p>（3） 泄露国家秘密、危害国家安全或者损害国家荣誉和利益；</p><p>（4） 煽动民族仇恨、民族歧视，破坏民族团结，或者侵害民族风俗、习惯；</p><p>（5） 宣扬邪教、迷信；</p><p>（6） 散布谣言，扰乱社会秩序，破坏社会稳定；</p><p>（7） 宣扬赌博、暴力或者教唆犯罪；</p><p>（8） 煽动非法集会、结社、游行、示威、聚众扰乱社会秩序；</p><p>（9） 含有法律、行政法规和国家规定禁止的其他内容；</p><p>2. 垃圾广告，包括垃圾信息和恶意行为，主要表现为：</p><p>（1） 从事买卖粉丝及相关业务；</p><p>（2） 从事刷评论、刷转发、刷投票、刷有奖活动业务；</p><p>（3） 通过机器或软件等非人力手段对他人大量发送广告信息；</p><p>（4） 虚假中奖信息；</p><p>（5） 机器抓取发送的无意义内容、重复内容；</p><p>3. 淫秽色情信息，主要表现为：</p><p>（1） 淫秽：具体描绘性行为或露骨宣扬色情的诲淫性信息；</p><p>（2） 色情：露三点的图片、视频，带有色情意味、暗示、挑逗和引起他人类似感受的音频、文字；</p><p>(二) 不实信息主要表现为：</p><p>1. 整体失实：事件本身系子虚乌有；</p><p>2. 捏造细节：捏造细节使整个事件被扭曲；</p><p>3. 图文不符：通过错误的图文搭配误导他人；</p><p>4. 夸大事实：在描述中对事实夸大其词，误导他人；</p><p>5. 过期信息：将已得到解决的事件作为新消息发布，并略去已产生的结果；</p><p>6. 信息残缺：隐藏部分事实，以不完整的信息误导他人；</p><p>7. 断章取义：将部分事实加上推测作为事实发布（文艺评论不适用本条规定）；</p><p>(三) 用户纠纷类违规，主要包括：</p><p>1. 泄露他人隐私，主要表现为：</p><p>（1） 泄露个人信息：公开他人真实姓名、身份证号、电话号码、家庭住址。用户已公开或授权公开的除外，涉及公共利益的除外；</p><p>（2） 泄露其它信息：公开他人不愿被知悉的不危害社会的信息；如：性取向、生理及心理缺陷、财产状况、邮件及通讯信息等；</p><p>2. 人身攻击，主要表现为：</p><p>（1） 侮辱：以侮辱性言论伤害他人；</p><p>（2） 诽谤：刻意捏造信息破坏他人名誉（误解不适用本条规定）；</p><p>（3） 肖像篡改：修改他人肖像且令本人不能接受；</p><p>3. 冒充他人，主要表现为：通过头像、昵称、域名及各类自我说明，暗示自己与他人或机构相等同或有关联；</p><p>4. 内容抄袭，主要表现为：发布他人原创内容而不注明出处或标识转载。原创内容暂指首发于新浪微博等其他平台的内容，不包括修改、整合的图片；</p><p>5. 骚扰他人，主要表现为：以评论、@他人、私信、求关注等方式对他人反复发送重复、近似、诉求相同的信息；</p><p>注：凡平台活动推广信息中涉及以上内容，活动直接强制终止。</p><p><br/></p>',1,1445362901,1445362901),(11,1,0,'','51wom免责说明','微信KOL','51wom免责说明','<p style=\"margin: 10px 0;line-height: 30px;border: none;padding: 0\"><strong><span style=\"font-size:16px;font-family:&#39;微软雅黑&#39;,&#39;sans-serif&#39;;color:#4397D5\">免责声明</span></strong></p><p style=\"line-height: 29px\"><span style=\"font-size:12px;font-family:&#39;微软雅黑&#39;,&#39;sans-serif&#39;;color:#666666\">51wom</span><span style=\"font-size:12px;font-family: &#39;微软雅黑&#39;,&#39;sans-serif&#39;;color:#666666\">提醒用户在使用51wom服务之前，仔细阅读并理解以下条款，尤其是限制用户权利的条款。使用51wom服务的行为将视为用户已经同意本声明的全部内容，并将在使用51wom服务的过程中遵守执行。</span></p><p style=\"line-height: 29px\"><span style=\"font-size:12px;font-family:&#39;微软雅黑&#39;,&#39;sans-serif&#39;;color:#666666\">1</span><span style=\"font-size:12px;font-family:&#39;微软雅黑&#39;,&#39;sans-serif&#39;;color:#666666\">、51wom是供有广告投放需求的客户（下称“广告主”）和能够提供广告发布服务的自媒体账号（以下简称“自媒体”）交易的第三方平台。51wom平台展示广告主提供的广告内容、自媒体提供的账号名称、粉丝数等原始数据，供广告主、自媒体根据需要甄选符合自己需求的服务对象进行交易。</span></p><p style=\"line-height: 29px\"><span style=\"font-size:12px;font-family:&#39;微软雅黑&#39;,&#39;sans-serif&#39;;color:#666666\">2</span><span style=\"font-size:12px;font-family:&#39;微软雅黑&#39;,&#39;sans-serif&#39;;color:#666666\">、51wom将对广告主的身份、广告内容、自媒体的身份信息、账号名称等内容进行审查，筛选出51wom认为不真实的信息，但由于网络平台的特殊性及51wom的局限性，51wom无法筛选出所有的不真实信息并做处理，但将尽最大努力保证所有信息的真实性。</span></p><p style=\"line-height: 29px\"><span style=\"font-size:12px;font-family:&#39;微软雅黑&#39;,&#39;sans-serif&#39;;color:#666666\">3</span><span style=\"font-size:12px;font-family:&#39;微软雅黑&#39;,&#39;sans-serif&#39;;color:#666666\">、51wom提供粉丝核实服务，即通过人工确认的方式核实自媒体账号认证时点的粉丝数量。因51wom的网络性和局限性，核实服务仅供广告主参考，不作为推广效果的依据。</span></p><p style=\"line-height: 29px\"><span style=\"font-size:12px;font-family:&#39;微软雅黑&#39;,&#39;sans-serif&#39;;color:#666666\">4</span><span style=\"font-size:12px;font-family:&#39;微软雅黑&#39;,&#39;sans-serif&#39;;color:#666666\">、广告主应如实填写广告信息，对广告内容的真实性、准确性、合法性、推广后的影响负责，51wom倡导各广告主诚信发布广告、遵守法律法规以共同维护网络环境。</span></p><p style=\"line-height: 29px\"><span style=\"font-size:12px;font-family:&#39;微软雅黑&#39;,&#39;sans-serif&#39;;color:#666666\">5</span><span style=\"font-size:12px;font-family:&#39;微软雅黑&#39;,&#39;sans-serif&#39;;color:#666666\">、自媒体应如实填写对应平台的相应数据，包括但不限于账号名称、地域、账号粉丝数、受众信息等，并反馈真实的推广效果，51wom倡导自媒体诚信服务、遵守法律法规以共同维护网络环境。</span></p><p style=\"line-height: 29px\"><span style=\"font-size:12px;font-family:&#39;微软雅黑&#39;,&#39;sans-serif&#39;;color:#666666\">6</span><span style=\"font-size:12px;font-family:&#39;微软雅黑&#39;,&#39;sans-serif&#39;;color:#666666\">、自媒体应综合考虑广告内容的真实性、准确性、合法性等因素后选择是否接单，一旦选择接单则应自行承担广告内容发布后对其账号造成的一切影响。广告主与自媒体因广告发布产生的纠纷由双方自行解决。</span></p><p style=\"line-height: 29px\"><span style=\"font-size:12px;font-family:&#39;微软雅黑&#39;,&#39;sans-serif&#39;;color:#666666\">7</span><span style=\"font-size:12px;font-family:&#39;微软雅黑&#39;,&#39;sans-serif&#39;;color:#666666\">、广告主推广需要使用知名媒体或名人账号时应注意，账号名称为自媒体自取，其账号官方平台允许同名账号存在时，广告主在选择时应注意查看该账号是否有所在平台（非51wom平台）的官方认证以确保该账号确实为该知名媒体或名人账号。51wom提供的粉丝核实服务并非知名媒体账号、名人账号的官方认证服务，两者有本质的区别，不能混为一谈。</span></p><p style=\"line-height: 29px\"><span style=\"font-size:12px;font-family:&#39;微软雅黑&#39;,&#39;sans-serif&#39;;color:#666666\">8</span><span style=\"font-size:12px;font-family:&#39;微软雅黑&#39;,&#39;sans-serif&#39;;color:#666666\">、51wom基于广告主需求向其推荐的账号，仅是51wom基于账号自身数据分析判断做出的推荐，由广告主最终确认是否使用51wom推荐的账号。</span></p><p style=\"line-height: 29px\"><span style=\"font-size:12px;font-family:&#39;微软雅黑&#39;,&#39;sans-serif&#39;;color:#666666\">9</span><span style=\"font-size:12px;font-family:&#39;微软雅黑&#39;,&#39;sans-serif&#39;;color:#666666\">、51wom将采取必要手段为用户信息保密，但基于技术限制等，51wom并不能保证用户的信息完全不被泄露。</span></p><p style=\"line-height: 29px\"><span style=\"font-size:12px;font-family:&#39;微软雅黑&#39;,&#39;sans-serif&#39;;color:#666666\">10</span><span style=\"font-size:12px;font-family:&#39;微软雅黑&#39;,&#39;sans-serif&#39;;color:#666666\">、用户应同意51wom有限度的使用其信息，包括但不限于向用户及时发送重要通知或派发订单、51wom内部进行审计、数据分析和研究等51wom自行判断为合理使用的情形及法律法规要求等。</span></p><p style=\"line-height: 29px\"><span style=\"font-size:12px;font-family:&#39;微软雅黑&#39;,&#39;sans-serif&#39;;color:#666666\">11</span><span style=\"font-size:12px;font-family:&#39;微软雅黑&#39;,&#39;sans-serif&#39;;color:#666666\">、用户认为51wom的其它用户侵犯其权利的，可向51wom提供权利证明文件、身份证明文件等，51wom审核评估后将采取适当措施予以处理。</span></p><p style=\"margin: 10px 0;line-height: 30px;border: none;padding: 0\"><strong><span style=\"font-size:16px;font-family:&#39;微软雅黑&#39;,&#39;sans-serif&#39;;color:#4397D5\">法律声明</span></strong></p><p style=\"line-height: 29px\"><span style=\"font-size:12px;font-family:&#39;微软雅黑&#39;,&#39;sans-serif&#39;;color:#666666\">为了维护上海谦玛网络科技有限公司（简称“51wom”，原“51wom”）及其用户的合法权利，遵守中华人民共和国互联网管理法规，51wom专用律师事务所的基本信息如下：</span></p><p style=\"line-height: 28px\"><strong><span style=\"font-size: 16px;font-family:&#39;微软雅黑&#39;,&#39;sans-serif&#39;;color:#D12829\">上海泽玖欣律师事务所</span></strong></p><p style=\"line-height: 18px\"><span style=\"font-size:12px;font-family:&#39;微软雅黑&#39;,&#39;sans-serif&#39;;color:#666666\">上海市长寿路868号中港慧2001-2002室<br/> 律师：高大力&nbsp; 高级合伙人&nbsp; 律师</span></p><p style=\"line-height: 18px\"><span style=\"font-size:12px;font-family:&#39;微软雅黑&#39;,&#39;sans-serif&#39;;color:#666666\">电话：021-6117 0488</span></p><p style=\"line-height: 18px\"><span style=\"font-size:12px;font-family:&#39;微软雅黑&#39;,&#39;sans-serif&#39;;color:#666666\">手机：18501600496</span></p><p style=\"line-height: 18px\"><span style=\"font-size:12px;font-family:&#39;微软雅黑&#39;,&#39;sans-serif&#39;;color:#666666\">邮箱：gdl@ciclawyer.com</span></p><p style=\"margin-top: 12px; line-height: 29px;\"><span style=\"font-size:12px;font-family:&#39;微软雅黑&#39;,&#39;sans-serif&#39;;color:#666666\">备注：51wom所列举上述法律事务所，除非经过51wom书面特别授权，并不代表51wom对外出具任何意见或者承担任何联络、转达、回复之义务。&nbsp;<br/> 任何向51wom提出的要求、发出的通知均应当发送到51wom，由51wom决定是否需要法律顾问提供帮助，直接发送给51wom法律顾问或者任何其他合作伙伴的要求、通知，均属无效。</span></p>',1,1445362948,1445362948),(12,4,0,'','微信朋友圈活动质检标准','微信KOL','微信朋友圈活动质检标准','<p>1.执行时间：</p><p>1)<span class=\"Apple-tab-span\" style=\"white-space:pre\">	</span>账号必须在活动开始时间后2个小时（含2小时）内发出，否则不计费；</p><p>2)<span class=\"Apple-tab-span\" style=\"white-space:pre\">	</span>账号发出时间早于活动开始时间，则不计费；例：活动开始时间是18:00,账号在17:59发出，则对应订单不计费。</p><p>3)<span class=\"Apple-tab-span\" style=\"white-space:pre\">	</span>账号发出时间晚于活动开始时间后2小时，则不计费；例：活动开始时间是6:00，账号在8:01分发出，则对应订单不计费。</p><p>4)<span class=\"Apple-tab-span\" style=\"white-space:pre\">	</span>微信朋友圈订单内容与下一条发送内容的最小时间间隔为30分钟（含30分钟），若间隔小于30分钟，则对应订单不计费（例：广告发送时间为20:00，下条微信朋友圈内容发送时间为20：29则该订单不计费）</p><p>5)<span class=\"Apple-tab-span\" style=\"white-space:pre\">	</span>微信朋友圈发送的内容必须保存4天（从发出之日开始计算），否则不计费。</p><p>2.执行要求</p><p>1)<span class=\"Apple-tab-span\" style=\"white-space:pre\">	</span>若执行活动的账号与客户指定的账号不一致，则对应订单不计费；例：客户指定让A账号发，结果B账号发了，A账号没发，则对应订单不计费。</p><p>2)<span class=\"Apple-tab-span\" style=\"white-space:pre\">	</span>若账号发送的内容与客户要求的内容不相符，则对应订单不计费。</p><p>3)<span class=\"Apple-tab-span\" style=\"white-space:pre\">	</span>若客户指定分享的内容，不可以选择分享的组，必须全部好友公开可见，执行后仅部分好友\\部分分组可见，则对应订单不计费；</p><p>4)<span class=\"Apple-tab-span\" style=\"white-space: pre;\">	</span>若账号上传的执行截图不正确，则对应订单不计费（若后续提供了正确截图且符合执行要求，则对应订单需计费）</p><p><br/></p>',1,1445363008,1445363008),(13,4,0,'','51wom投诉办法','微信KOL','51wom投诉办法','<p>出现如下问题，可以直接联系我们进行投诉：</p><p>1.接单后超过规定时间（广告主要求执行时间+2小时内）执行的</p><p>2.没有按广告主投放位置投放的</p><p>3.没有按照指定账号发送</p><p>4.发布内容与广告主的不一致</p><p><br/></p>',1,1445363089,1445363089),(14,4,0,'','微信公号质检标准','微信公号质检标准','微信公号质检标准','<p>微信公号质检标准：</p><p>（1）账号必须在活动开始时间后2小时（含2小时）内发出，否则不计费。</p><p>（2）账号发出时间早于活动开始时间，则不计费；例：活动开始时间是12:00,账号在11:59发出，则对应订单不计费。</p><p>（3）账号发出时间晚于活动开始时间后2小时，则不计费；例：活动开始时间是10:00，账号在12:01分发出，则对应订单不计费。</p><p>（4）已发送的广告必须保存3天（从发出之日开始计算），否则不计费。</p><p><br/></p><p>答：</p><p>（1）若执行活动的账号与客户指定的账号不一致，则对应订单不计费；例：客户指定让A账号发，结果Ｂ账号发了，Ａ账号没发，则对应订单不计费。</p><p>（2）若账号发送的内容与客户要求的内容不相符，则对应订单不计费。</p><p>（3）若账号发送的广告位不是客户指定的广告位，则对应订单不计费，例:客户要求单图文发送，但账号以多图文形式发送，则对应订单不计费。</p><p>（4）若账号上传的执行截图不正确，则对应订单不计费（若后续提供了正确截图且符合执行要求，则对应订单需计费）</p><p>注：</p><p>1、<span class=\"Apple-tab-span\" style=\"white-space:pre\">	</span>若因微信屏蔽网络图片链接等非博主因素，导致执行完成的内容中图片展示异常，则该条订单计费。</p><p>2、<span class=\"Apple-tab-span\" style=\"white-space:pre\">	</span>若发现执行问题请在活动开始时间后2天之内投诉或联系销售经理，逾期不予处理；</p><p>3、<span class=\"Apple-tab-span\" style=\"white-space: pre;\">	</span>投诉后会在1个工作日内处理完毕。</p><p><br/></p>',1,1445363135,1445363135),(15,1,0,'privacy','隐私保护','微信KOL','51wom隐私保护','<p>1.本平台承认、尊重并保护注册用户向本平台提供的所有个人信息以及注册用户根据中华人民共和国民事法律规定享有的隐私权。</p><p>2.注册用户可以随时通知本平台有关注册用户任何信息的变更，如地址、职务、电话号码或电子邮件地址等的变更，以帮助本平台确保注册用户个人信息的准确性。本平台将全力保护注册用户的个人信息和隐私权，并全力保证这些信息的安全。</p><p>3.本平台尊重并保护所有使用本平台用户的个人隐私权，用户的个人资料，非经用户亲自许可或根据相关法律、法规的强制性规定，本平台不会为第三方（因政府执法部门、国家司法部门要求除外）提供任何用户的任何需保护隐私的个人资料。任何由于黑客政击、计算机病毒侵入或发作、因政府管制而造成的暂时性关闭等影响网络正常经营之不可抗力而造成的个人资料泄露、丢失、被盗用或被篡改等，本平台亦不承担任何责任。</p><p><br/></p>',1,1445363181,1445515636),(16,4,0,'','51wom预约类订单处理规则','预约订单处理规则','预约订单处理规则','<p>预约订单基本纠纷处理规则</p><p>所谓“预约订单”，是指客户通过预约流程与自媒体主确认后执行的订单。预约订单执行需要按照平台流程操作，以最后确认文案为准，沟通区内容不作为最后执行的判断依据。</p><p>若“预约订单”执行后在保存时间内出现（发现）任何异常（如：屏蔽\\删除\\加密\\粉丝看不到等情况以及其他的执行问题），则该订单不予付款。</p><p><br/></p><p>订单预约基本规则 &nbsp;如下：</p><p>1 新浪微博名人预约订单</p><p>1. 执行微博账号ID与实际执行账号ID一致；</p><p>2. 间隔时间：间隔时间60分钟，发布后60分钟内不能发布其他任何微博内容；</p><p>3. 内容标准：执行内容与客户确认后推广活动信息内容完全一致；</p><p>4. 保存时间：发布的内容保留1个月以上。</p><p><br/></p><p>2 微信公众帐号预约订单</p><p>1. 指定微信执行账号ID与实际执行账号ID一致；</p><p>2. &nbsp;微信执行内容（标题，作者，封面，摘要，正文内容，原文链接等物料）与客户确认后推广活动信息内容完全一致；</p><p>3. 发布位置：微信执行订单的广告位与指定广告位一致；</p><p>4. 保存时间：发布的内容保留7天以上；</p><p>5. 微信预约订单在上传执行截图后，需要在规定时间内上传数据截图。</p><p><br/></p><p>3 微信朋友圈预约订单执行标准</p><p>1. 指定朋友圈账号ID与实际执行账号ID一致；</p><p>2. 微信朋友圈执行内容必须与客户确认后推广活动信息内容完全一致；</p><p>3. 保存时间：发布的内容保留7天以上；</p><p>4. 朋友圈预约订单在上传执行截图后，需要在规定时间内上传点赞/评论截图。</p><p><br/></p><p>4 重要提醒</p><p>“若该“预约订单”在执行前已签订“确认函”或“执行合同”，博主需完全按照“确认函”或“执行合同”中签订的执行条款执行，未执行（或未全部执行）视为违约，按“确认函”或“执行合同”中约定的条款进行赔偿或进入其他法律程序。</p><p><br/></p>',1,1445363287,1445363287),(17,2,0,'case','案例中心','案例中心','案例中心','<p>案例中心</p><p>案例中心</p>',1,1445515294,1445515601),(18,6,0,'home','帮助中心','帮助中心','帮助中心','<p>帮助中心</p><p>帮助中心</p><p>帮助中心</p><p><br/></p>',1,1445515362,1445515362),(19,2,0,'faq','常见问题','常见问题','常见问题','<p>帮助中心</p><p>帮助中心</p><p>帮助中心</p>',1,1445515456,1445515542),(20,6,0,'adreg','广告主注册服务协议','广告主注册服务协议','广告主注册服务协议','<p><strong>51wom客户协议</strong></p><p>本协议为您与51wom网站（以下简称“本网站”）之间签订，本协议具有合同效力。您在注册时，应仔细阅读本协议的相关内容，您的注册成功及使用行为即表示您已充分阅读、理解并接受本协议的全部内容，包括本网站随时所做的任何修改，并自愿接受相关的约束。</p><p><br/></p><p>一、 定义</p><p><br/></p><p>在本协议中所使用的下列词语，除非另有定义，应具有以下含义：&nbsp;</p><p><br/></p><p>1．“本网站”在无特别说明的情况下，均指51wom(51wom.com)。</p><p><br/></p><p>2．“客户”指符合本协议所规定的条件，同意遵守本网站各种规则、条款（包括但不限于本协议），使用本网站进行产品及服务的营销或企业品牌推广事宜的个人或机构。</p><p><br/></p><p>二、客户资格</p><p><br/></p><p>1．只有符合下列条件之一的自然人或法人才能申请成为本网站客户，可以使用本网站的服务：</p><p><br/></p><p>（1）年满十八岁，并具有完全民事权利能力和民事行为能力的自然人（未满十八岁的自然人需经其监护人书面同意）；</p><p><br/></p><p>（2）根据中国法律或注册地法律、法规有效成立并合法存在的公司、企事业单位、社团组织和其他组织。</p><p><br/></p><p>2．无民事行为能力人、限制民事行为能力人以及无经营或特定经营资格的组织不应注册为本网站客户或超过其民事行为能力范围从事交易的，其与本网站之间的协议自始无效，本网站一经发现，有权立即注销该客户，并追究其使用本网站&quot;服务&quot;的一切法律责任。</p><p><br/></p><p>三、客户的权利和义务</p><p><br/></p><p>1．客户有权根据本协议的规定及本网站发布的相关规则，使用本网站提供的服务，包括但不限于利用本网站网上交易平台发布任务信息、参与本网站的有关活动等。</p><p><br/></p><p>2．客户有义务确保向本网站提供的所有注册信息真实准确，包括但不限于真实名称/姓名、注册证号/身份证号、联系电话、地址、邮政编码等，并保证本网站可以通过上述联系方式及时与客户取得联系。同时，客户有义务在相关资料变更时及时更新注册信息。</p><p><br/></p><p>3．客户不得以任何形式擅自转让或授权他人使用自己在本网站的客户账号。</p><p><br/></p><p>4．客户有义务确保在本网站网上交易平台上发布的任务信息真实、准确，无误导性。客户应保证发布任务信息所对应的商品和服务是真实有效无害且合法的。客户不得在本网站平台上传播任何假冒伪劣产品（包括但不限于假冒专利、认证；不符合国家标准；过期变质；虚假服务等产品）。</p><p><br/></p><p>5．客户不得在本网站网上发布平台发布国家禁止发布的信息，不得发布侵犯他人知识产权或其他合法权益的信息，也不得发布违背社会公共利益或公共道德的信息。</p><p><br/></p><p>6．客户在使用本网站进行交易过程中应当遵守诚实信用原则，不得在交易过程中采取不正当竞争行为，不得扰乱网上交易的正常秩序，不得从事与网上交易无关的行为。</p><p><br/></p><p>7．客户承诺自己在本网站网上交易平台实施的所有行为遵守国家法律、法规和本网站的相关规定以及各种社会公共利益或公共道德。客户应对以该客户账号进行的所有行为及交易活动负全部责任。</p><p><br/></p><p>8．客户应自行承担因使用本网站、通过本网站进行网上交易等所产生的相关费用及税款。</p><p><br/></p><p>9．客户不得使用以下方式登录网站或破坏网站所提供的服务：</p><p><br/></p><p>（1）以任何机器人软件、蜘蛛软件、爬虫软件、刷屏软件或其它自动方式访问或登录本网站；</p><p><br/></p><p>（2）通过任何方式对本网站内部结构造成或可能造成不合理或不合比例的重大负荷的行为；</p><p><br/></p><p>（3）通过任何方式干扰或试图干扰网站的正常工作或网站上进行的任何活动。</p><p><br/></p><p>10．客户同意接收来自本网站的信息，包括但不限于活动信息、交易信息、促销信息等。且客户同意本网站公布的针对客户的相关管理规定、规则和通知也与本协议具有相同的法律效力。</p><p><br/></p><p>四、51wom的权利和义务</p><p><br/></p><p>1．本网站将在现有技术水平的基础上努力确保整个网上交易平台的正常运行，尽力避免服务中断或将中断时间限制在可行的最短时间内，保证客户网上交易活动的顺利进行。</p><p><br/></p><p>2．本网站将对客户在注册使用本网站网上交易平台中所遇到的问题及反馈及时作出回复。</p><p><br/></p><p>3．本网站有权对客户的注册信息进行查阅，对相关注册信息的真实性、合法性存在任何怀疑时，本网站有权发出通知询问客户并要求客户做出解释、改正，或不通知客户直接做出删除信息、删除账号等处理。</p><p><br/></p><p>4．客户因在本网站网上交易而与其他第三方产生纠纷的，客户通过司法部门或行政部门依照法定程序要求本网站提供相关资料，本网站将积极配合并提供有关资料。因客户本身及其行为产生的后果由客户自行承担。</p><p><br/></p><p>5．因网上信息平台的特殊性，本网站没有义务对所有客户的交易行为以及与交易有关的其他事项进行事前审查。若本网站认为客户存在违法、违反本协议规定或其他在本网站交易平台上的不当行为，本网站有权向客户核实有关情况，删除相关信息，限制客户活动，发出警告通知以及终止向该客户提供服务，并由客户自行承担所有责任。因此给本网站造成的全部损失，由客户承担赔偿责任。</p><p><br/></p><p>6．本网站有权在不通知客户的前提下删除或采取其他限制性措施处理下列信息：包括但不限于以规避费用为目的、以炒作信用为目的、存在欺诈等恶意或虚假内容、与网上交易无关或不是以交易为目的、存在恶意竞价或其他试图扰乱正常交易秩序因素、违反公共利益或可能严重损害本 网站和其他客户合法利益的。</p><p><br/></p><p>7．本网站并不保证所有客户的推广请求均能获得成功执行，也不保证客户的推广请求一定执行至客户账户额消耗完毕。客户的推广请求未按时执行或执行不成功的，本网站概不负责。</p><p><br/></p><p>五、费用及支付方式</p><p>1. 客户将需支付给本网站的推广费用预先充值到客户在本网站的账户中，该费用将用于向本网站支付服务费用；本网站有权从客户账户扣除客户产生的服务费用，客户需在本网站执行推广服务前向其支付每笔订单推广金额的100%。</p><p>2. 如客户预付费用余额不足，本网站系统将自动暂停推广服务；客户续费之后再启动服务。</p><p>3. 符合开票资格的，本网站可在客户付款后为客户开具相应金额的合法有效的增值税发票，增值税发票税点另计。</p><p>4. 如客户未按照规定按时付款，或违反其在本协议项下的任何义务，本网站有权立即停止向客户提供本协议项下全部服务并解除本合同，同时本网站无需承担任何法律责任。</p><p>5. 本网站不退还信息费，客户有权继续使用已充值但未使用完的账户余额。</p><p><br/></p><p>六、服务的中断和终止</p><p><br/></p><p>1．本网站可自行全权决定以任何理由（包括但不限于本网站认为客户已违反本协议，或客户超过180天内未登录本网站等情况）终止对客户的服务，并不再保存客户在本网站的全部资料（包括但不限于客户信息、商品信息、交易信息等），而无需通知该客户。服务终止后，本网站没有义务为客户保留原客户资料或与之相关的任何信息，或转发任何未曾阅读或发送的信息给客户或第三方。&nbsp;</p><p><br/></p><p>2．如客户向本网站提出注销本网站注册客户身份，需经本网站审核同意，由本网站注销该注册客户，客户即解除与本网站的协议关系，但本网站仍保留下列权利：</p><p><br/></p><p>（1）客户注销后，本网站有权保留该客户的资料，包括但不限于客户注册信息、交易记录等；</p><p><br/></p><p>（2）客户注销后，如客户在注销前在本网站交易平台上存在违法行为或违反本协议的行为，本网站仍可行使本协议所规定的权利。</p><p><br/></p><p>3．如存在下列情况，本网站可以注销客户、终止服务、要求客户赔偿本网站所受损失等：</p><p><br/></p><p>（1）根据本网站所掌握的事实依据，可以认定客户存在违法、违反本协议相关规定或其他在本网站交易平台上的不当行为；</p><p><br/></p><p>（2）本网站发现客户注册信息中主要内容是虚假的；</p><p><br/></p><p>（3）其它本网站认为需终止服务的情况。</p><p><br/></p><p>七、免责声明</p><p><br/></p><p>八、当客户接受该协议时，客户应明确了解并同意∶&nbsp;</p><p><br/></p><p>1．客户使用本网站之风险由客户自行承担。本网站依据现有技术提供服务，尽管本网站将尽合理努力维护网上交易的正常运行，但本网站无法随时预见到任何技术上的问题或其他困难，该等困难可能导致您的交易行为受到影响（包括但不限于交易延迟、交易失败等），请您谨慎 考虑使用本网站交易平台所提供服务可能带来的风险。本网站不保证以下事项：</p><p><br/></p><p>（1）本网站将符合客户的全部要求；</p><p><br/></p><p>（2）本网站在任何情况下能够不受干扰及时提供服务、安全可靠或免于出现故障或错误；</p><p><br/></p><p>（3）本网站交易服务所依据的数据来源和取得结果是正确或可靠的。</p><p><br/></p><p>2．是否经由本网站下载或取得任何资料，由客户自行考虑、衡量并且自负风险，因下载任何资料而导致客户电脑系统的任何损坏或资料流失，客户自行负责。</p><p><br/></p><p>3．客户经由本网站取得的建议和资讯，无论其形式或表现，绝不构成本协议未明示规定的任何保证。</p><p><br/></p><p>4．基于以下原因而造成客户的利润、商誉损失或其它无形损失，本网站不承担任何直接或间接赔偿责任：</p><p><br/></p><p>（1）本网站的使用或无法使用；</p><p><br/></p><p>（2）客户的资料遭到未获授权的存取或变更；</p><p><br/></p><p>（3）本网站中任何第三方之声明或行为。</p><p><br/></p><p>5．对于客户所发布任务的合法性、真实性及其品质，以及客户履行交易的能力等，本网站无事先审查义务且不承担任何连带责任。</p><p><br/></p><p>6．本网站提供与其它网站或资源的链接，客户可能会因此连结至其它运营商经营的网站，但不表示本网站与这些运营商有任何关系，本网站不对上述链接网站及其网页内容进行管理监督。因使用或依赖任何此类网站或资源发布的或经由此类网站或资源获得的任何内容、物品或服务所产生的任何损害或损失，本网站不负任何直接或间接赔偿责任。</p><p><br/></p><p>九、知识产权</p><p><br/></p><p>1．出现在本网站上的内容，包括但不限于作品、图片、档案、资料、网站构架、网站版面的安排、网页设计、软件、经由本网站呈现的推广信息或资讯，均由本网站或相关权利人依法享有相应知识产权（包括但不限于著作权、商标权、专利权或其它专属权利等），客户仅在符合本网站使用目的的前提下被许可浏览和使用本网站。未经本网站或相关权利人明示授权，客户不得复制、修改、出租、出借、出售、传送、删除、添加本网站的内容， 或根据上述网站资料和资源制作成任何种类物品。</p><p><br/></p><p>2．本网站授予客户不可转移及非专属的使用权，使客户可以通过单机计算机使用本网站的目标代码（以下简称“软件”），但客户不得自行或许可任何第三方，复制、修改、创作衍生作品、进行还原工程、反向组译，或以其它方式破译或试图破译源代码，或出售、转让“软件” 或对“软件”进行再授权，或以其它方式移转&quot;软件&quot;之任何权利。客户同意不以任何方式修改“软件”，或使用修改后的“软件”。</p><p><br/></p><p>3．客户不得经由非本网站所提供的界面使用本网站。</p><p><br/></p><p>十、不可抗力</p><p><br/></p><p>十一、本网站对因超出我们合理控制之外的原因、事件或其他因素导致的未能履行本协议下的任何义务不承担责任。该等原因、事件或其 他因素包括但不限于战争、台风、水灾、火灾、雷击或地震、罢工、暴动、黑客攻击、网络病毒、电信部门技术管制、政府行为或任何其它自然或人为造成的灾难等 情况。</p><p><br/></p><p>十二、法律适用与争议解决</p><p><br/></p><p>1．本协议之订立、生效、解释、履行、修订与争议解决均适用中华人民共和国法律。</p><p><br/></p><p>2．如果发生因本协议或其违约、终止或效力而引起的或与之有关的任何争议、纠纷或索赔（以下简称“争议”），均应提交上海仲裁委员会进行仲裁，仲裁地点为上海。相关争议应单独仲裁，不得与任何其它方的争议在任何仲裁中合并处理，该仲裁裁决是终局，对各方均有约束力。</p><p><br/></p>',1,1445516257,1445516340),(21,6,0,'mediareg','自媒体注册服务协议','自媒体注册服务协议','自媒体注册服务协议','<p><strong>51wom自媒体主协议</strong></p><p>本协议为您与51wom网站（以下简称“本网站”）之间签订，本协议具有合同效力。媒体主在注册时，应仔细阅读本协议的相关内容，您的注册成功及使用行为即表示您已充分阅读、理解并接受本协议的全部内容，包括本网站随时所做的任何修改，并自愿接受相关的约束。</p><p><br/></p><p>一、定义</p><p><br/></p><p>在本协议中所使用的下列词语，除非另有定义，应具有以下含义：</p><p><br/></p><p>1. “本网站”在无特别说明的情况下，均指51wom(51wom.com)。</p><p><br/></p><p>2. “媒体主”指符合本协议所规定的条件，同意遵守本网站各种规则、条款（包括但不限于本协议），使用本网站为本网站客户提供产品营销和品牌信息服务的个人或机构。</p><p><br/></p><p>二、媒体主资格&nbsp;</p><p><br/></p><p>1. 只有符合下列条件之一的自然人或法人才能申请成为本网站媒体主，可以使用本网站的服务：</p><p>(1) 年满十八岁，并具有完全民事权利能力和民事行为能力的自然人（未满十八岁的自然人需经其监护人书面同意）；</p><p>(2) 根据中国法律或注册地法律、法规有效成立并合法存在的公司、企事业单位、社团组织和其他组织。</p><p><br/></p><p>2. 无民事行为能力人、限制民事行为能力人以及无经营或特定经营资格的组织不应注册为本网站媒体主或超过其民事行为能力范围从事交易的，其与本网站之间的协议自始无效，本网站一经发现，有权立即注销该媒体主，并追究其使用本网站“服务”的一切法律责任。&nbsp;</p><p><br/></p><p>三、媒体主的权利和义务&nbsp;</p><p><br/></p><p>1. 媒体主有权根据本协议的规定及本网站发布的相关规则，使用本网站提供的服务，包括但不限于接受任务、获取本网站提供的信息及资讯等。&nbsp;</p><p><br/></p><p>2. 媒体主有义务确保向本网站提供的所有注册信息真实准确，包括但不限于真实名称/姓名、注册证号/身份证号、联系电话、电子邮件、支付宝账号等，并保证本网站可以通过上述联系方式及时与媒体主取得联系。同时，媒体主有义务在相关资料变更时及时更新注册信息。&nbsp;</p><p><br/></p><p>3. 媒体主不得以任何形式擅自转让或授权他人使用自己在本网站的媒体主账号。&nbsp;</p><p><br/></p><p>4. 媒体主不得在本网站网上发布平台发布国家禁止发布的信息，不得发布侵犯他人知识产权或其他合法权益的信息，也不得发布违背社会公共利益或公共道德的信息。&nbsp;</p><p><br/></p><p>5. 媒体主在使用本网站进行交易过程中应当遵守诚实信用原则，不得在交易过程中采取不正当竞争行为，不得扰乱网上交易的正常秩序，不得从事与网上交易无关的行为。&nbsp;</p><p><br/></p><p>6. 媒体主承诺自己在本网站网上交易平台实施的所有行为遵守国家法律、法规和本网站的相关规定以及各种社会公共利益或公共道德。媒体主应对以该媒体主账号进行的所有行为及交易活动负全部责任。&nbsp;</p><p><br/></p><p>7. 媒体主应自行承担因使用本网站、通过本网站进行网上交易等所产生的相关费用及税款。</p><p><br/></p><p>8. 媒体主不得使用以下方式登录网站或破坏网站所提供的服务：</p><p>(1) 以任何机器人软件、蜘蛛软件、爬虫软件、刷屏软件或其它自动方式访问或登录本网站；</p><p>(2) 通过任何方式对本网站内部结构造成或可能造成不合理或不合比例的重大负荷的行为；</p><p>(3) 通过任何方式干扰或试图干扰网站的正常工作或网站上进行的任何活动。</p><p><br/></p><p>9. 媒体主不得实施以下作弊行为：</p><p>(1) 提供虚假的投放证明、编造虚假的数据；</p><p>(2) 通过人工及程序制造的无效点击提高流量的行为，包括但不限于通过代理服务点击、互换点击等虚假无效点击；</p><p>(3) 任何非正常的产品投放形式，任何以文字诱导或强制媒体主点击的行为；</p><p>(4) 其他本网站合理认定为作弊的行为。</p><p><br/></p><p>10. 媒体主同意接收来自本网站的信息，包括但不限于活动信息、交易信息、促销信息等。且媒体主同意本网站公布的针对媒体主的相关管理规定、规则和通知也与本协议具有相同的法律效力。</p><p><br/></p><p>四、51wom的权利和义务</p><p><br/></p><p>1. 本网站将在现有技术水平的基础上努力确保整个网上交易平台的正常运行，尽力避免服务中断或将中断时间限制在可行的最短时间内，保证媒体主网上交易活动的顺利进行。</p><p><br/></p><p>2. 本网站将对媒体主在注册使用本网站网上交易平台中所遇到的问题及反馈及时作出回复。&nbsp;</p><p><br/></p><p>3. 本网站有权对媒体主的注册信息进行查阅，对相关注册信息的真实性、合法性存在任何怀疑时，本网站有权发出通知询问媒体主并要求媒体主做出解释、改正，或不通知媒体主直接做出删除信息、删除账号等处理。</p><p><br/></p><p>4. 媒体主因在本网站网上交易而与其他第三方产生纠纷的，媒体主通过司法部门或行政部门依照法定程序要求本网站提供相关资料，本网站将积极配合并提供有关资料。因媒体主本身及其行为产生的后果由媒体主自行承担。</p><p><br/></p><p>5. 因网上信息平台的特殊性，本网站没有义务对所有媒体主的交易行为以及与交易有关的其他事项进行事前审查。若本网站认为媒体主存在违法、违反本协议规定或其他在本网站交易平台上的不当行为，本网站有权向媒体主核实有关情况，删除相关信息，限制媒体主活动，发出警告通知以及终止结算，并由媒体主自行承担所有责任。因此给本网站造成的全部损失，由媒体主承担赔偿责任。</p><p><br/></p><p>6. 本网站有权在不通知媒体主的前提下删除或采取其他限制性措施处理下列信息：包括但不限于以规避费用为目的、以炒作信用为目的、存在欺诈等恶意或虚假内容、与网上交易无关或不是以交易为目的、存在恶意竞价或其他试图扰乱正常交易秩序因素、违反公共利益或可能严重损害本网站和其他媒体主合法利益的。&nbsp;</p><p><br/></p><p>五、费用及支付方式</p><p>1. 媒体主将按照本网站后台该媒体主对应账户的金额申请提款。媒体主完整、正确执行任务后，经本网站和本网站客户确认后，本网站将进行结算。</p><p><br/></p><p>2. 本网站媒体主的最终收入以本网站最终确认的金额为准，未经本网站最终确认的金额仅作为参考，不作为结算的依据。</p><p><br/></p><p>六、服务的中断和终止</p><p><br/></p><p>1.本网站可自行全权决定以任何理由（包括但不限于本网站认为媒体主已违反本协议，或媒体主超过180天内未登录本网站等情况）终止与媒体主的合作，并不再保存媒体主在本网站的全部资料（包括但不限于媒体主信息、商品信息、交易信息等），而无需通知该媒体主。合作终止后，本网站没有义务为媒体主保留原媒体主资料或与之相关的任何信息，或转发任何未曾阅读或发送的信息给媒体主或第三方。</p><p><br/></p><p>2. 如媒体主向本网站提出注销本网站注册媒体主身份，需经本网站审核同意，由本网站注销该注册媒体主，媒体主即解除与本网站的协议关系，但本网站仍保留下列权利：</p><p>(1) 媒体主注销后，本网站有权保留该媒体主的资料，包括但不限于媒体主注册信息、交易记录等；</p><p>(2) 媒体主注销后，如媒体主在注销前在本网站交易平台上存在违法行为或违反本协议的行为，本网站仍可行使本协议所规定的权利。</p><p><br/></p><p>3. 如存在下列情况，本网站可以注销媒体主、终止服务、不予结算、要求媒体主赔偿本网站所受损失等：</p><p>(1) 根据本网站所掌握的事实依据，可以认定媒体主存在违法、违反本协议相关规定或其他在本网站交易平台上的不当行为；</p><p>(2) 本网站发现媒体主注册信息中主要内容是虚假的；</p><p>(3) 媒体主出现本协议第三条第9项中的作弊行为；</p><p>(4) 其它本网站认为需终止服务的情况。&nbsp;</p><p><br/></p><p>七、免责声明</p><p><br/></p><p>当媒体主接受该协议时，媒体主应明确了解并同意：</p><p><br/></p><p>1. 媒体主使用本网站之风险由媒体主自行承担。本网站依据现有技术提供服务，尽管本网站将尽合理努力维护网上交易的正常运行，但本网站无法随时预见到任何技术上的问题或其他困难，该等困难可能导致您的交易行为受到影响（包括但不限于交易延迟、交易失败等），请您谨慎考虑使用本网站交易平台所提供服务可能带来的风 险。本网站不保证以下事项：</p><p>(1) 本网站将符合媒体主的全部要求；</p><p>(2) 本网站在任何情况下能够不受干扰及时提供服务、安全可靠或免于出现故障或错误；</p><p>(3) 本网站交易服务所依据的数据来源和取得结果是正确或可靠的。&nbsp;</p><p><br/></p><p>2. 是否经由本网站下载或取得任何资料，由媒体主自行考虑、衡量并且自负风险，因下载任何资料而导致媒体主电脑系统的任何损坏或资料流失，媒体主自行负责。</p><p><br/></p><p>3. 媒体主经由本网站取得的建议和资讯，无论其形式或表现，绝不构成本协议未明示规定的任何保证。&nbsp;</p><p><br/></p><p>4. 基于以下原因而造成媒体主的利润、商誉损失或其它无形损失，本网站不承担任何直接或间接赔偿责任：</p><p>(1) 本网站的使用或无法使用；</p><p>(2) 媒体主的资料遭到未获授权的存取或变更；</p><p>(3) 本网站中任何第三方之声明或行为。&nbsp;</p><p><br/></p><p>5. 对于媒体主在其自媒体主账号上发布的推广信息内容的真实性和合法性，本网站无审查义务且不承担任何连带责任。&nbsp;</p><p><br/></p><p>6. 本网站提供与其它网站或资源的链接，媒体主可能会因此连结至其它运营商经营的网站，但不表示本网站与这些运营商有任何关系，本网站不对上述链接网站及其网页 内容进行管理监督。因使用或依赖任何此类网站或资源发布的或经由此类网站或资源获得的任何内容、物品或服务所产生的任何损害或损失，本网站不负任何直接或间接赔偿责任。&nbsp;</p><p><br/></p><p>八、知识产权</p><p><br/></p><p>1. 所有出现在本网站上的内容，包括但不限于作品、图片、档案、资料、网站构架、网站版面的安排、网页设计、软件、经由本网站呈现的推广信息或资讯，均由本网 站或相关权利人依法享有相应知识产权（包括但不限于著作权、商标权、专利权或其它专属权利等），媒体主仅在符合本网站使用目的的前提下被许可浏览和使用本网 站。未经本网站或相关权利人明示授权，媒体主不得复制、修改、出租、出借、出售、传送、删除、添加本网站的内容，或根据上述网站资料和资源制作成任何种类物品。&nbsp;</p><p><br/></p><p>2. 本网站授予媒体主不可转移及非专属的使用权，使媒体主可以通过单机计算机使用本网站的目标代码（以下简称“软件”），但媒体主不得自行或许可任何第三方，复制、修改、创作衍生作品、进行还原工程、反向组译，或以其它方式破译或试图破译源代码，或出售、转让“软件”或对“软件”进行再授权，或以其它方式移转&quot;软件&quot;之任何权利。媒体主同意不以任何方式修改“软件”，或使用修改后的“软件”。&nbsp;</p><p><br/></p><p>3. 媒体主不得经由非本网站所提供的界面使用本网站。</p><p><br/></p><p>九、不可抗力</p><p><br/></p><p>本网站对因超出我们合理控制之外的原因、事件或其他因素导致的未能履行本协议下的任何义务不承担责任。该等原因、事件或其他因素包括但不限于战争、台风、 水灾、火灾、雷击或地震、罢工、暴动、黑客攻击、网络病毒、电信部门技术管制、政府行为或任何其它自然或人为造成的灾难等情况。&nbsp;</p><p><br/></p><p>十、特别声明</p><p><br/></p><p>提供直供服务的媒体主同意51wom根据市场情况和服务费费率调整，自动更改相应的对外报价。如果需要，媒体主可以根据需求在此基础上再次自行进行修改。</p><p><br/></p><p>十一、法律适用与争议解决</p><p><br/></p><p>1. 本协议之订立、生效、解释、履行、修订与争议解决均适用中华人民共和国法律。</p><p><br/></p><p>2. 如果发生因本协议或其违约、终止或效力而引起的或与之有关的任何争议、纠纷或索赔（以下简称“争议”），均应提交上海仲裁委员会进行仲裁，仲裁地点为上海。相关争议应单独仲裁，不得与任何其它方的争议在任何仲裁中合并处理，该仲裁裁决是终局，对各方均有约束力。</p><p><br/></p>',1,1445516316,1445516316);

/*Data for the table `t_workmedia` */

insert  into `t_workmedia`(`iAutoID`,`wtype`,`title`,`imgurl`,`link`,`rank`,`subscribe`,`readnum`,`introduce`,`iStatus`,`iCreateTime`,`iUpdateTime`) values (3,1,'亲子圈','','http://120.24.78.234:85/',1,1,1,'1',1,1445744319,1445744319);

/*!40101 SET SQL_MODE=@OLD_SQL_MODE */;
/*!40014 SET FOREIGN_KEY_CHECKS=@OLD_FOREIGN_KEY_CHECKS */;
/*!40014 SET UNIQUE_CHECKS=@OLD_UNIQUE_CHECKS */;
/*!40111 SET SQL_NOTES=@OLD_SQL_NOTES */;
